Time (sec) ,  Temperature (C) ,measured,,   ,   ,   ,   ,   ,   ,   ,   ,   ,  
0,23.4,2.1,,,,,,,,,,,
1,23.5,2.11,,,,,,,,,,,
2,23.5,2.11,,,,,,,,,,,
3,23.6,2.11,,,,,,,,,,,
4,23.6,2.11,,,,,,,,,,,
5,23.7,2.11,,,,,,,,,,,
6,23.7,2.11,,,,,,,,,,,
7,23.8,2.11,,,,,,,,,,,
8,23.9,2.11,,,,,,,,,,,
9,24,2.11,,,,,,,,,,,
10,24,2.11,,,,,,,,,,,
11,24.1,2.11,,,,,,,,,,,
12,24.2,2.12,,,,,,,,,,,
13,24.3,2.12,,,,,,,,,,,
14,24.4,2.12,,,,,,,,,,,
15,24.5,2.12,,,,,,,,,,,
16,24.6,2.12,,,,,,,,,,,
17,24.7,2.12,,,,,,,,,,,
18,24.9,2.12,,,,,,,,,,,
19,25,2.12,,,,,,,,,,,
20,25.1,2.12,,,,,,,,,,,
21,25.2,2.12,,,,,,,,,,,
22,25.4,2.12,,,,,,,,,,,
23,25.5,2.12,,,,,,,,,,,
24,25.7,2.12,,,,,,,,,,,
25,25.8,2.12,,,,,,,,,,,
26,25.9,2.12,,,,,,,,,,,
27,26.1,2.12,,,,,,,,,,,
28,26.2,2.12,,,,,,,,,,,
29,26.4,2.12,,,,,,,,,,,
30,26.6,2.12,,,,,,,,,,,
31,26.7,2.12,,,,,,,,,,,
32,26.9,2.12,,,,,,,,,,,
33,27,2.12,,,,,,,,,,,
34,27.2,2.12,,,,,,,,,,,
35,27.3,2.12,,,,,,,,,,,
36,27.5,2.12,,,,,,,,,,,
37,27.7,2.12,,,,,,,,,,,
38,27.9,2.13,,,,,,,,,,,
39,28,2.12,,,,,,,,,,,
40,28.2,2.12,,,,,,,,,,,
41,28.4,2.12,,,,,,,,,,,
42,28.6,2.12,,,,,,,,,,,
43,28.8,2.12,,,,,,,,,,,
44,29,2.12,,,,,,,,,,,
45,29.2,2.11,,,,,,,,,,,
46,29.3,2.11,,,,,,,,,,,
47,29.5,2.11,,,,,,,,,,,
48,29.7,2.11,,,,,,,,,,,
49,29.9,2.11,,,,,,,,,,,
50,30.1,2.11,,,,,,,,,,,
51,30.3,2.11,,,,,,,,,,,
52,30.5,2.11,,,,,,,,,,,
53,30.7,2.11,,,,,,,,,,,
54,30.9,2.11,,,,,,,,,,,
55,31.1,2.11,,,,,,,,,,,
56,31.3,2.11,,,,,,,,,,,
57,31.5,2.11,,,,,,,,,,,
58,31.7,2.11,,,,,,,,,,,
59,31.9,2.11,,,,,,,,,,,
60,32.2,2.11,,,,,,,,,,,
61,32.4,2.11,,,,,,,,,,,
62,32.6,2.11,,,,,,,,,,,
63,32.9,2.11,,,,,,,,,,,
64,33.1,2.11,,,,,,,,,,,
65,33.3,2.11,,,,,,,,,,,
66,33.6,2.11,,,,,,,,,,,
67,33.8,2.11,,,,,,,,,,,
68,34,2.11,,,,,,,,,,,
69,34.3,2.11,,,,,,,,,,,
70,34.5,2.11,,,,,,,,,,,
71,34.7,2.11,,,,,,,,,,,
72,35,2.11,,,,,,,,,,,
73,35.2,2.11,,,,,,,,,,,
74,35.5,2.11,,,,,,,,,,,
75,35.7,2.11,,,,,,,,,,,
76,35.9,2.11,,,,,,,,,,,
77,36.1,2.11,,,,,,,,,,,
78,36.4,2.11,,,,,,,,,,,
79,36.6,2.12,,,,,,,,,,,
80,36.9,2.12,,,,,,,,,,,
81,37.1,2.12,,,,,,,,,,,
82,37.3,2.12,,,,,,,,,,,
83,37.6,2.12,,,,,,,,,,,
84,37.9,2.12,,,,,,,,,,,
85,38.1,2.12,,,,,,,,,,,
86,38.3,2.13,,,,,,,,,,,
87,38.5,2.12,,,,,,,,,,,
88,38.8,2.12,,,,,,,,,,,
89,39,2.12,,,,,,,,,,,
90,39.3,2.11,,,,,,,,,,,
91,39.5,2.11,,,,,,,,,,,
92,39.8,2.11,,,,,,,,,,,
93,40,2.11,,,,,,,,,,,
94,40.2,2.11,,,,,,,,,,,
95,40.4,2.11,,,,,,,,,,,
96,40.7,2.11,,,,,,,,,,,
97,41,2.11,,,,,,,,,,,
98,41.2,2.11,,,,,,,,,,,
99,41.4,2.11,,,,,,,,,,,
100,41.7,2.11,,,,,,,,,,,
101,41.9,2.11,,,,,,,,,,,
102,42.2,2.11,,,,,,,,,,,
103,42.4,2.11,,,,,,,,,,,
104,42.7,2.11,,,,,,,,,,,
105,42.9,2.11,,,,,,,,,,,
106,43.1,2.11,,,,,,,,,,,
107,43.4,2.11,,,,,,,,,,,
108,43.7,2.11,,,,,,,,,,,
109,43.9,2.11,,,,,,,,,,,
110,44.1,2.11,,,,,,,,,,,
111,44.4,2.12,,,,,,,,,,,
112,44.6,2.12,,,,,,,,,,,
113,44.8,2.12,,,,,,,,,,,
114,45.1,2.12,,,,,,,,,,,
115,45.3,2.12,,,,,,,,,,,
116,45.6,2.12,,,,,,,,,,,
117,45.8,2.12,,,,,,,,,,,
118,46,2.12,,,,,,,,,,,
119,46.3,2.12,,,,,,,,,,,
120,46.5,2.12,,,,,,,,,,,
121,46.8,2.12,,,,,,,,,,,
122,47,2.12,,,,,,,,,,,
123,47.2,2.12,,,,,,,,,,,
124,47.5,2.12,,,,,,,,,,,
125,47.7,2.12,,,,,,,,,,,
126,47.9,2.12,,,,,,,,,,,
127,48.2,2.12,,,,,,,,,,,
128,48.5,2.12,,,,,,,,,,,
129,48.7,2.12,,,,,,,,,,,
130,48.9,2.12,,,,,,,,,,,
131,49.1,2.12,,,,,,,,,,,
132,49.4,2.12,,,,,,,,,,,
133,49.7,2.12,,,,,,,,,,,
134,49.9,2.12,,,,,,,,,,,
135,50.1,2.12,,,,,,,,,,,
136,50.4,2.12,,,,,,,,,,,
137,50.6,2.12,,,,,,,,,,,
138,50.8,2.12,,,,,,,,,,,
139,51.1,2.12,,,,,,,,,,,
140,51.4,2.12,,,,,,,,,,,
141,51.6,2.12,,,,,,,,,,,
142,51.8,2.12,,,,,,,,,,,
143,52,2.12,,,,,,,,,,,
144,52.3,2.12,,,,,,,,,,,
145,52.6,2.12,,,,,,,,,,,
146,52.8,2.12,,,,,,,,,,,
147,53,2.12,,,,,,,,,,,
148,53.2,2.12,,,,,,,,,,,
149,53.5,2.12,,,,,,,,,,,
150,53.7,2.12,,,,,,,,,,,
151,54,2.12,,,,,,,,,,,
152,54.2,2.12,,,,,,,,,,,
153,54.4,2.12,,,,,,,,,,,
154,54.7,2.12,,,,,,,,,,,
155,54.9,2.12,,,,,,,,,,,
156,55.1,2.12,,,,,,,,,,,
157,55.4,2.12,,,,,,,,,,,
158,55.6,2.12,,,,,,,,,,,
159,55.9,2.12,,,,,,,,,,,
160,56.1,2.12,,,,,,,,,,,
161,56.3,2.12,,,,,,,,,,,
162,56.5,2.12,,,,,,,,,,,
163,56.8,2.11,,,,,,,,,,,
164,57,2.12,,,,,,,,,,,
165,57.3,2.11,,,,,,,,,,,
166,57.5,2.12,,,,,,,,,,,
167,57.7,2.11,,,,,,,,,,,
168,57.9,2.12,,,,,,,,,,,
169,58.2,2.12,,,,,,,,,,,
170,58.5,2.11,,,,,,,,,,,
171,58.7,2.11,,,,,,,,,,,
172,58.9,2.12,,,,,,,,,,,
173,59.1,2.12,,,,,,,,,,,
174,59.4,2.12,,,,,,,,,,,
175,59.6,2.12,,,,,,,,,,,
176,59.9,2.12,,,,,,,,,,,
177,60.1,2.11,,,,,,,,,,,
178,60.3,2.11,,,,,,,,,,,
179,60.5,2.11,,,,,,,,,,,
180,60.8,2.11,,,,,,,,,,,
181,61,2.11,,,,,,,,,,,
182,61.3,2.11,,,,,,,,,,,
183,61.5,2.11,,,,,,,,,,,
184,61.7,2.11,,,,,,,,,,,
185,61.9,2.11,,,,,,,,,,,
186,62.2,2.11,,,,,,,,,,,
187,62.4,2.11,,,,,,,,,,,
188,62.6,2.11,,,,,,,,,,,
189,62.9,2.11,,,,,,,,,,,
190,63.1,2.11,,,,,,,,,,,
191,63.3,2.11,,,,,,,,,,,
192,63.5,2.11,,,,,,,,,,,
193,63.8,2.11,,,,,,,,,,,
194,64,2.11,,,,,,,,,,,
195,64.2,2.11,,,,,,,,,,,
196,64.4,2.11,,,,,,,,,,,
197,64.6,2.11,,,,,,,,,,,
198,64.9,2.11,,,,,,,,,,,
199,65.1,2.11,,,,,,,,,,,
200,65.3,2.11,,,,,,,,,,,
201,65.5,2.11,,,,,,,,,,,
202,65.8,2.11,,,,,,,,,,,
203,66,2.11,,,,,,,,,,,
204,66.2,2.11,,,,,,,,,,,
205,66.4,2.11,,,,,,,,,,,
206,66.7,2.11,,,,,,,,,,,
207,66.9,2.11,,,,,,,,,,,
208,67.1,2.11,,,,,,,,,,,
209,67.3,2.11,,,,,,,,,,,
210,67.5,2.11,,,,,,,,,,,
211,67.8,2.11,,,,,,,,,,,
212,68,2.11,,,,,,,,,,,
213,68.2,2.11,,,,,,,,,,,
214,68.4,2.11,,,,,,,,,,,
215,68.6,2.12,,,,,,,,,,,
216,68.8,2.12,,,,,,,,,,,
217,69,2.12,,,,,,,,,,,
218,69.3,2.12,,,,,,,,,,,
219,69.5,2.12,,,,,,,,,,,
220,69.7,2.13,,,,,,,,,,,
221,69.9,2.12,,,,,,,,,,,
222,70.1,2.12,,,,,,,,,,,
223,70.3,2.12,,,,,,,,,,,
224,70.5,2.11,,,,,,,,,,,
225,70.7,2.11,,,,,,,,,,,
226,70.9,2.11,,,,,,,,,,,
227,71.1,2.11,,,,,,,,,,,
228,71.3,2.11,,,,,,,,,,,
229,71.6,2.11,,,,,,,,,,,
230,71.8,2.11,,,,,,,,,,,
231,72,2.11,,,,,,,,,,,
232,72.2,2.11,,,,,,,,,,,
233,72.4,2.12,,,,,,,,,,,
234,72.6,2.12,,,,,,,,,,,
235,72.9,2.12,,,,,,,,,,,
236,73.1,2.12,,,,,,,,,,,
237,73.3,2.12,,,,,,,,,,,
238,73.5,2.12,,,,,,,,,,,
239,73.7,2.12,,,,,,,,,,,
240,73.8,2.12,,,,,,,,,,,
241,74.1,2.12,,,,,,,,,,,
242,74.3,2.12,,,,,,,,,,,
243,74.5,2.12,,,,,,,,,,,
244,74.7,2.12,,,,,,,,,,,
245,74.9,2.12,,,,,,,,,,,
246,75.1,2.12,,,,,,,,,,,
247,75.3,2.11,,,,,,,,,,,
248,75.5,2.11,,,,,,,,,,,
249,75.7,2.11,,,,,,,,,,,
250,75.9,2.11,,,,,,,,,,,
251,76.1,2.11,,,,,,,,,,,
252,76.3,2.11,,,,,,,,,,,
253,76.5,2.11,,,,,,,,,,,
254,76.7,2.11,,,,,,,,,,,
255,76.9,2.11,,,,,,,,,,,
256,77.1,2.11,,,,,,,,,,,
257,77.3,2.11,,,,,,,,,,,
258,77.5,2.11,,,,,,,,,,,
259,77.8,2.11,,,,,,,,,,,
260,78,2.11,,,,,,,,,,,
261,78.1,2.11,,,,,,,,,,,
262,78.3,2.11,,,,,,,,,,,
263,78.5,2.11,,,,,,,,,,,
264,78.7,2.12,,,,,,,,,,,
265,79,2.12,,,,,,,,,,,
266,79.1,2.12,,,,,,,,,,,
267,79.3,2.12,,,,,,,,,,,
268,79.5,2.12,,,,,,,,,,,
269,79.7,2.12,,,,,,,,,,,
270,79.9,2.12,,,,,,,,,,,
271,80.1,2.12,,,,,,,,,,,
272,80.3,2.12,,,,,,,,,,,
273,80.5,2.12,,,,,,,,,,,
274,80.7,2.12,,,,,,,,,,,
275,80.9,2.12,,,,,,,,,,,
276,81.1,2.12,,,,,,,,,,,
277,81.3,2.12,,,,,,,,,,,
278,81.5,2.12,,,,,,,,,,,
279,81.7,2.13,,,,,,,,,,,
280,81.9,2.12,,,,,,,,,,,
281,82.1,2.12,,,,,,,,,,,
282,82.2,2.12,,,,,,,,,,,
283,82.4,2.12,,,,,,,,,,,
284,82.7,2.12,,,,,,,,,,,
285,82.9,2.12,,,,,,,,,,,
286,83,2.11,,,,,,,,,,,
287,83.2,2.11,,,,,,,,,,,
288,83.4,2.11,,,,,,,,,,,
289,83.6,2.11,,,,,,,,,,,
290,83.8,2.11,,,,,,,,,,,
291,84,2.11,,,,,,,,,,,
292,84.2,2.11,,,,,,,,,,,
293,84.4,2.11,,,,,,,,,,,
294,84.5,2.11,,,,,,,,,,,
295,84.7,2.11,,,,,,,,,,,
296,85,2.11,,,,,,,,,,,
297,85.1,2.11,,,,,,,,,,,
298,85.3,2.11,,,,,,,,,,,
299,85.5,2.11,,,,,,,,,,,
300,85.7,2.11,,,,,,,,,,,
301,85.9,2.11,,,,,,,,,,,
302,86.1,2.11,,,,,,,,,,,
303,86.3,2.11,,,,,,,,,,,
304,86.4,2.11,,,,,,,,,,,
305,86.6,2.11,,,,,,,,,,,
306,86.8,2.11,,,,,,,,,,,
307,87,2.12,,,,,,,,,,,
308,87.2,2.12,,,,,,,,,,,
309,87.4,2.12,,,,,,,,,,,
310,87.6,2.12,,,,,,,,,,,
311,87.7,2.12,,,,,,,,,,,
312,87.9,2.13,,,,,,,,,,,
313,88.1,2.12,,,,,,,,,,,
314,88.3,2.12,,,,,,,,,,,
315,88.5,2.12,,,,,,,,,,,
316,88.7,2.12,,,,,,,,,,,
317,88.8,2.12,,,,,,,,,,,
318,89,2.12,,,,,,,,,,,
319,89.2,2.13,,,,,,,,,,,
320,89.4,2.12,,,,,,,,,,,
321,89.6,2.12,,,,,,,,,,,
322,89.8,2.12,,,,,,,,,,,
323,89.9,2.13,,,,,,,,,,,
324,90.1,2.13,,,,,,,,,,,
325,90.3,2.12,,,,,,,,,,,
326,90.5,2.12,,,,,,,,,,,
327,90.7,2.12,,,,,,,,,,,
328,90.8,2.12,,,,,,,,,,,
329,91,2.12,,,,,,,,,,,
330,91.2,2.13,,,,,,,,,,,
331,91.4,2.12,,,,,,,,,,,
332,91.6,2.12,,,,,,,,,,,
333,91.7,2.12,,,,,,,,,,,
334,91.9,2.13,,,,,,,,,,,
335,92.1,2.12,,,,,,,,,,,
336,92.3,2.12,,,,,,,,,,,
337,92.4,2.12,,,,,,,,,,,
338,92.6,2.12,,,,,,,,,,,
339,92.8,2.13,,,,,,,,,,,
340,93,2.12,,,,,,,,,,,
341,93.1,2.12,,,,,,,,,,,
342,93.3,2.12,,,,,,,,,,,
343,93.5,2.12,,,,,,,,,,,
344,93.7,2.12,,,,,,,,,,,
345,93.9,2.12,,,,,,,,,,,
346,94,2.11,,,,,,,,,,,
347,94.2,2.11,,,,,,,,,,,
348,94.4,2.11,,,,,,,,,,,
349,94.5,2.11,,,,,,,,,,,
350,94.7,2.11,,,,,,,,,,,
351,94.9,2.11,,,,,,,,,,,
352,95.1,2.11,,,,,,,,,,,
353,95.2,2.11,,,,,,,,,,,
354,95.4,2.11,,,,,,,,,,,
355,95.6,2.11,,,,,,,,,,,
356,95.8,2.11,,,,,,,,,,,
357,95.9,2.11,,,,,,,,,,,
358,96.1,2.11,,,,,,,,,,,
359,96.3,2.11,,,,,,,,,,,
360,96.4,2.12,,,,,,,,,,,
361,96.6,2.12,,,,,,,,,,,
362,96.8,2.12,,,,,,,,,,,
363,97,2.12,,,,,,,,,,,
364,97.1,2.12,,,,,,,,,,,
365,97.3,2.12,,,,,,,,,,,
366,97.5,2.12,,,,,,,,,,,
367,97.6,2.12,,,,,,,,,,,
368,97.8,2.12,,,,,,,,,,,
369,98,2.12,,,,,,,,,,,
370,98.1,2.12,,,,,,,,,,,
371,98.3,2.13,,,,,,,,,,,
372,98.5,2.12,,,,,,,,,,,
373,98.6,2.12,,,,,,,,,,,
374,98.8,2.13,,,,,,,,,,,
375,99,2.13,,,,,,,,,,,
376,99.1,2.13,,,,,,,,,,,
377,99.3,2.12,,,,,,,,,,,
378,99.5,2.12,,,,,,,,,,,
379,99.6,2.12,,,,,,,,,,,
380,99.8,2.12,,,,,,,,,,,
381,100,2.13,,,,,,,,,,,
382,100.1,2.12,,,,,,,,,,,
383,100.3,2.13,,,,,,,,,,,
384,100.5,2.13,,,,,,,,,,,
385,100.6,2.12,,,,,,,,,,,
386,100.8,2.12,,,,,,,,,,,
387,101,2.12,,,,,,,,,,,
388,101.1,2.12,,,,,,,,,,,
389,101.3,2.12,,,,,,,,,,,
390,101.4,2.12,,,,,,,,,,,
391,101.6,2.12,,,,,,,,,,,
392,101.8,2.12,,,,,,,,,,,
393,102,2.12,,,,,,,,,,,
394,102.1,2.12,,,,,,,,,,,
395,102.3,2.12,,,,,,,,,,,
396,102.4,2.12,,,,,,,,,,,
397,102.6,2.12,,,,,,,,,,,
398,102.8,2.12,,,,,,,,,,,
399,102.9,2.12,,,,,,,,,,,
400,103.1,2.12,,,,,,,,,,,
401,103.2,2.12,,,,,,,,,,,
402,103.4,2.12,,,,,,,,,,,
403,103.5,2.12,,,,,,,,,,,
404,103.7,2.12,,,,,,,,,,,
405,103.9,2.11,,,,,,,,,,,
406,104,2.11,,,,,,,,,,,
407,104.2,2.11,,,,,,,,,,,
408,104.3,2.11,,,,,,,,,,,
409,104.5,2.11,,,,,,,,,,,
410,104.7,2.11,,,,,,,,,,,
411,104.8,2.11,,,,,,,,,,,
412,105,2.11,,,,,,,,,,,
413,105.1,2.12,,,,,,,,,,,
414,105.3,2.11,,,,,,,,,,,
415,105.4,2.11,,,,,,,,,,,
416,105.6,2.11,,,,,,,,,,,
417,105.8,2.12,,,,,,,,,,,
418,105.9,2.12,,,,,,,,,,,
419,106.1,2.12,,,,,,,,,,,
420,106.2,2.12,,,,,,,,,,,
421,106.4,2.12,,,,,,,,,,,
422,106.6,2.12,,,,,,,,,,,
423,106.7,2.12,,,,,,,,,,,
424,106.9,2.12,,,,,,,,,,,
425,107,2.12,,,,,,,,,,,
426,107.2,2.12,,,,,,,,,,,
427,107.3,2.12,,,,,,,,,,,
428,107.5,2.12,,,,,,,,,,,
429,107.6,2.13,,,,,,,,,,,
430,107.8,2.12,,,,,,,,,,,
431,107.9,2.13,,,,,,,,,,,
432,108.1,2.12,,,,,,,,,,,
433,108.2,2.12,,,,,,,,,,,
434,108.4,2.12,,,,,,,,,,,
435,108.6,2.12,,,,,,,,,,,
436,108.7,2.13,,,,,,,,,,,
437,108.9,2.12,,,,,,,,,,,
438,109,2.12,,,,,,,,,,,
439,109.1,2.12,,,,,,,,,,,
440,109.3,2.12,,,,,,,,,,,
441,109.5,2.12,,,,,,,,,,,
442,109.6,2.12,,,,,,,,,,,
443,109.8,2.12,,,,,,,,,,,
444,109.9,2.12,,,,,,,,,,,
445,110,2.13,,,,,,,,,,,
446,110.2,2.13,,,,,,,,,,,
447,110.4,2.12,,,,,,,,,,,
448,110.5,2.13,,,,,,,,,,,
449,110.7,2.12,,,,,,,,,,,
450,110.8,2.12,,,,,,,,,,,
451,110.9,2.12,,,,,,,,,,,
452,111.1,2.12,,,,,,,,,,,
453,111.3,2.12,,,,,,,,,,,
454,111.4,2.12,,,,,,,,,,,
455,111.6,2.12,,,,,,,,,,,
456,111.7,2.12,,,,,,,,,,,
457,111.8,2.12,,,,,,,,,,,
458,112,2.12,,,,,,,,,,,
459,112.1,2.12,,,,,,,,,,,
460,112.3,2.11,,,,,,,,,,,
461,112.4,2.11,,,,,,,,,,,
462,112.6,2.11,,,,,,,,,,,
463,112.7,2.11,,,,,,,,,,,
464,112.8,2.11,,,,,,,,,,,
465,113,2.11,,,,,,,,,,,
466,113.2,2.11,,,,,,,,,,,
467,113.3,2.11,,,,,,,,,,,
468,113.4,2.11,,,,,,,,,,,
469,113.6,2.11,,,,,,,,,,,
470,113.7,2.11,,,,,,,,,,,
471,113.9,2.11,,,,,,,,,,,
472,114,2.11,,,,,,,,,,,
473,114.2,2.11,,,,,,,,,,,
474,114.3,2.11,,,,,,,,,,,
475,114.4,2.11,,,,,,,,,,,
476,114.6,2.11,,,,,,,,,,,
477,114.7,2.12,,,,,,,,,,,
478,114.9,2.12,,,,,,,,,,,
479,115,2.12,,,,,,,,,,,
480,115.1,2.12,,,,,,,,,,,
481,115.3,2.12,,,,,,,,,,,
482,115.4,2.12,,,,,,,,,,,
483,115.6,2.12,,,,,,,,,,,
484,115.7,2.12,,,,,,,,,,,
485,115.9,2.12,,,,,,,,,,,
486,116,2.12,,,,,,,,,,,
487,116.1,2.12,,,,,,,,,,,
488,116.3,2.12,,,,,,,,,,,
489,116.4,2.12,,,,,,,,,,,
490,116.6,2.12,,,,,,,,,,,
491,116.7,2.12,,,,,,,,,,,
492,116.8,2.12,,,,,,,,,,,
493,117,2.13,,,,,,,,,,,
494,117.1,2.13,,,,,,,,,,,
495,117.3,2.13,,,,,,,,,,,
496,117.4,2.13,,,,,,,,,,,
497,117.5,2.12,,,,,,,,,,,
498,117.7,2.12,,,,,,,,,,,
499,117.8,2.12,,,,,,,,,,,
500,117.9,2.13,,,,,,,,,,,
501,118.1,2.12,,,,,,,,,,,
502,118.2,2.12,,,,,,,,,,,
503,118.3,2.13,,,,,,,,,,,
504,118.5,2.13,,,,,,,,,,,
505,118.6,2.13,,,,,,,,,,,
506,118.7,2.12,,,,,,,,,,,
507,118.9,2.13,,,,,,,,,,,
508,119,2.12,,,,,,,,,,,
509,119.2,2.12,,,,,,,,,,,
510,119.3,2.13,,,,,,,,,,,
511,119.4,2.13,,,,,,,,,,,
512,119.5,2.12,,,,,,,,,,,
513,119.7,2.12,,,,,,,,,,,
514,119.8,2.12,,,,,,,,,,,
515,120,2.12,,,,,,,,,,,
516,120.1,2.12,,,,,,,,,,,
517,120.2,2.12,,,,,,,,,,,
518,120.3,2.12,,,,,,,,,,,
519,120.5,2.12,,,,,,,,,,,
520,120.6,2.12,,,,,,,,,,,
521,120.8,2.12,,,,,,,,,,,
522,120.9,2.12,,,,,,,,,,,
523,121,2.12,,,,,,,,,,,
524,121.1,2.12,,,,,,,,,,,
525,121.3,2.12,,,,,,,,,,,
526,121.4,2.12,,,,,,,,,,,
527,121.6,2.12,,,,,,,,,,,
528,121.7,2.12,,,,,,,,,,,
529,121.8,2.12,,,,,,,,,,,
530,121.9,2.12,,,,,,,,,,,
531,122.1,2.12,,,,,,,,,,,
532,122.2,2.13,,,,,,,,,,,
533,122.3,2.13,,,,,,,,,,,
534,122.5,2.12,,,,,,,,,,,
535,122.6,2.13,,,,,,,,,,,
536,122.7,2.12,,,,,,,,,,,
537,122.9,2.12,,,,,,,,,,,
538,123,2.12,,,,,,,,,,,
539,123.1,2.12,,,,,,,,,,,
540,123.2,2.11,,,,,,,,,,,
541,123.4,2.11,,,,,,,,,,,
542,123.5,2.11,,,,,,,,,,,
543,123.6,2.11,,,,,,,,,,,
544,123.8,2.1,,,,,,,,,,,
545,123.9,2.1,,,,,,,,,,,
546,124,2.1,,,,,,,,,,,
547,124.1,2.1,,,,,,,,,,,
548,124.2,2.1,,,,,,,,,,,
549,124.4,2.09,,,,,,,,,,,
550,124.5,2.09,,,,,,,,,,,
551,124.6,2.09,,,,,,,,,,,
552,124.8,2.09,,,,,,,,,,,
553,124.9,2.08,,,,,,,,,,,
554,125,2.08,,,,,,,,,,,
555,125.1,2.08,,,,,,,,,,,
556,125.3,2.08,,,,,,,,,,,
557,125.4,2.07,,,,,,,,,,,
558,125.5,2.06,,,,,,,,,,,
559,125.6,2.06,,,,,,,,,,,
560,125.7,2.05,,,,,,,,,,,
561,125.9,2.05,,,,,,,,,,,
562,126,2.04,,,,,,,,,,,
563,126.1,2.04,,,,,,,,,,,
564,126.3,2.03,,,,,,,,,,,
565,126.4,2.02,,,,,,,,,,,
566,126.5,2.02,,,,,,,,,,,
567,126.6,2.01,,,,,,,,,,,
568,126.8,2.01,,,,,,,,,,,
569,126.9,2,,,,,,,,,,,
570,127,2,,,,,,,,,,,
571,127.1,1.99,,,,,,,,,,,
572,127.2,1.99,,,,,,,,,,,
573,127.4,1.99,,,,,,,,,,,
574,127.5,1.98,,,,,,,,,,,
575,127.6,1.98,,,,,,,,,,,
576,127.7,1.97,,,,,,,,,,,
577,127.9,1.97,,,,,,,,,,,
578,128,1.97,,,,,,,,,,,
579,128.1,1.96,,,,,,,,,,,
580,128.2,1.96,,,,,,,,,,,
581,128.3,1.95,,,,,,,,,,,
582,128.5,1.95,,,,,,,,,,,
583,128.6,1.94,,,,,,,,,,,
584,128.7,1.94,,,,,,,,,,,
585,128.8,1.94,,,,,,,,,,,
586,129,1.93,,,,,,,,,,,
587,129.1,1.93,,,,,,,,,,,
588,129.2,1.93,,,,,,,,,,,
589,129.3,1.92,,,,,,,,,,,
590,129.4,1.92,,,,,,,,,,,
591,129.5,1.92,,,,,,,,,,,
592,129.7,1.92,,,,,,,,,,,
593,129.8,1.91,,,,,,,,,,,
594,129.9,1.91,,,,,,,,,,,
595,130,1.91,,,,,,,,,,,
596,130.1,1.9,,,,,,,,,,,
597,130.3,1.9,,,,,,,,,,,
598,130.4,1.9,,,,,,,,,,,
599,130.5,1.9,,,,,,,,,,,
600,130.6,1.9,,,,,,,,,,,
601,130.8,1.9,,,,,,,,,,,
602,130.9,1.89,,,,,,,,,,,
603,131,1.89,,,,,,,,,,,
604,131.1,1.89,,,,,,,,,,,
605,131.2,1.89,,,,,,,,,,,
606,131.3,1.88,,,,,,,,,,,
607,131.5,1.88,,,,,,,,,,,
608,131.6,1.88,,,,,,,,,,,
609,131.7,1.88,,,,,,,,,,,
610,131.8,1.88,,,,,,,,,,,
611,131.9,1.88,,,,,,,,,,,
612,132.1,1.88,,,,,,,,,,,
613,132.2,1.88,,,,,,,,,,,
614,132.3,1.88,,,,,,,,,,,
615,132.4,1.88,,,,,,,,,,,
616,132.5,1.88,,,,,,,,,,,
617,132.7,1.87,,,,,,,,,,,
618,132.8,1.87,,,,,,,,,,,
619,132.9,1.88,,,,,,,,,,,
620,133,1.87,,,,,,,,,,,
621,133.1,1.87,,,,,,,,,,,
622,133.2,1.87,,,,,,,,,,,
623,133.4,1.87,,,,,,,,,,,
624,133.5,1.87,,,,,,,,,,,
625,133.6,1.87,,,,,,,,,,,
626,133.7,1.87,,,,,,,,,,,
627,133.8,1.86,,,,,,,,,,,
628,133.9,1.86,,,,,,,,,,,
629,134.1,1.86,,,,,,,,,,,
630,134.2,1.86,,,,,,,,,,,
631,134.3,1.86,,,,,,,,,,,
632,134.4,1.85,,,,,,,,,,,
633,134.5,1.85,,,,,,,,,,,
634,134.6,1.85,,,,,,,,,,,
635,134.7,1.85,,,,,,,,,,,
636,134.9,1.85,,,,,,,,,,,
637,135,1.85,,,,,,,,,,,
638,135.1,1.85,,,,,,,,,,,
639,135.2,1.85,,,,,,,,,,,
640,135.3,1.85,,,,,,,,,,,
641,135.4,1.85,,,,,,,,,,,
642,135.5,1.85,,,,,,,,,,,
643,135.6,1.85,,,,,,,,,,,
644,135.7,1.85,,,,,,,,,,,
645,135.8,1.85,,,,,,,,,,,
646,136,1.85,,,,,,,,,,,
647,136.1,1.85,,,,,,,,,,,
648,136.2,1.85,,,,,,,,,,,
649,136.3,1.84,,,,,,,,,,,
650,136.4,1.84,,,,,,,,,,,
651,136.5,1.84,,,,,,,,,,,
652,136.7,1.84,,,,,,,,,,,
653,136.8,1.84,,,,,,,,,,,
654,136.9,1.84,,,,,,,,,,,
655,137,1.84,,,,,,,,,,,
656,137.1,1.84,,,,,,,,,,,
657,137.2,1.84,,,,,,,,,,,
658,137.3,1.84,,,,,,,,,,,
659,137.4,1.84,,,,,,,,,,,
660,137.6,1.84,,,,,,,,,,,
661,137.7,1.83,,,,,,,,,,,
662,137.8,1.83,,,,,,,,,,,
663,137.9,1.83,,,,,,,,,,,
664,138,1.83,,,,,,,,,,,
665,138.1,1.84,,,,,,,,,,,
666,138.2,1.83,,,,,,,,,,,
667,138.3,1.83,,,,,,,,,,,
668,138.4,1.83,,,,,,,,,,,
669,138.5,1.83,,,,,,,,,,,
670,138.6,1.83,,,,,,,,,,,
671,138.8,1.83,,,,,,,,,,,
672,138.9,1.83,,,,,,,,,,,
673,139,1.83,,,,,,,,,,,
674,139.1,1.83,,,,,,,,,,,
675,139.2,1.83,,,,,,,,,,,
676,139.3,1.83,,,,,,,,,,,
677,139.4,1.83,,,,,,,,,,,
678,139.5,1.83,,,,,,,,,,,
679,139.6,1.83,,,,,,,,,,,
680,139.7,1.83,,,,,,,,,,,
681,139.8,1.83,,,,,,,,,,,
682,139.9,1.83,,,,,,,,,,,
683,140,1.83,,,,,,,,,,,
684,140.1,1.83,,,,,,,,,,,
685,140.2,1.83,,,,,,,,,,,
686,140.3,1.83,,,,,,,,,,,
687,140.4,1.83,,,,,,,,,,,
688,140.6,1.83,,,,,,,,,,,
689,140.7,1.83,,,,,,,,,,,
690,140.8,1.83,,,,,,,,,,,
691,140.9,1.83,,,,,,,,,,,
692,141,1.83,,,,,,,,,,,
693,141.1,1.83,,,,,,,,,,,
694,141.2,1.83,,,,,,,,,,,
695,141.3,1.83,,,,,,,,,,,
696,141.4,1.83,,,,,,,,,,,
697,141.5,1.83,,,,,,,,,,,
698,141.6,1.84,,,,,,,,,,,
699,141.7,1.84,,,,,,,,,,,
700,141.8,1.84,,,,,,,,,,,
701,141.9,1.84,,,,,,,,,,,
702,142,1.84,,,,,,,,,,,
703,142.1,1.83,,,,,,,,,,,
704,142.2,1.83,,,,,,,,,,,
705,142.3,1.83,,,,,,,,,,,
706,142.5,1.83,,,,,,,,,,,
707,142.6,1.84,,,,,,,,,,,
708,142.7,1.83,,,,,,,,,,,
709,142.7,1.83,,,,,,,,,,,
710,142.8,1.83,,,,,,,,,,,
711,142.9,1.83,,,,,,,,,,,
712,143.1,1.84,,,,,,,,,,,
713,143.2,1.84,,,,,,,,,,,
714,143.3,1.83,,,,,,,,,,,
715,143.4,1.83,,,,,,,,,,,
716,143.5,1.83,,,,,,,,,,,
717,143.6,1.83,,,,,,,,,,,
718,143.7,1.83,,,,,,,,,,,
719,143.8,1.83,,,,,,,,,,,
720,143.9,1.83,,,,,,,,,,,
721,144,1.83,,,,,,,,,,,
722,144.1,1.83,,,,,,,,,,,
723,144.2,1.83,,,,,,,,,,,
724,144.3,1.83,,,,,,,,,,,
725,144.4,1.82,,,,,,,,,,,
726,144.5,1.82,,,,,,,,,,,
727,144.6,1.82,,,,,,,,,,,
728,144.7,1.82,,,,,,,,,,,
729,144.8,1.82,,,,,,,,,,,
730,144.9,1.82,,,,,,,,,,,
731,145,1.82,,,,,,,,,,,
732,145.1,1.82,,,,,,,,,,,
733,145.2,1.82,,,,,,,,,,,
734,145.3,1.83,,,,,,,,,,,
735,145.4,1.83,,,,,,,,,,,
736,145.5,1.83,,,,,,,,,,,
737,145.6,1.83,,,,,,,,,,,
738,145.7,1.83,,,,,,,,,,,
739,145.8,1.83,,,,,,,,,,,
740,145.9,1.82,,,,,,,,,,,
741,146,1.82,,,,,,,,,,,
742,146.1,1.82,,,,,,,,,,,
743,146.2,1.82,,,,,,,,,,,
744,146.3,1.83,,,,,,,,,,,
745,146.4,1.83,,,,,,,,,,,
746,146.5,1.83,,,,,,,,,,,
747,146.5,1.83,,,,,,,,,,,
748,146.7,1.82,,,,,,,,,,,
749,146.8,1.82,,,,,,,,,,,
750,146.8,1.82,,,,,,,,,,,
751,146.9,1.82,,,,,,,,,,,
752,147,1.83,,,,,,,,,,,
753,147.1,1.83,,,,,,,,,,,
754,147.2,1.83,,,,,,,,,,,
755,147.3,1.82,,,,,,,,,,,
756,147.4,1.82,,,,,,,,,,,
757,147.5,1.82,,,,,,,,,,,
758,147.6,1.83,,,,,,,,,,,
759,147.7,1.83,,,,,,,,,,,
760,147.8,1.83,,,,,,,,,,,
761,147.9,1.83,,,,,,,,,,,
762,148,1.82,,,,,,,,,,,
763,148.1,1.82,,,,,,,,,,,
764,148.2,1.82,,,,,,,,,,,
765,148.3,1.83,,,,,,,,,,,
766,148.4,1.83,,,,,,,,,,,
767,148.5,1.83,,,,,,,,,,,
768,148.6,1.83,,,,,,,,,,,
769,148.7,1.82,,,,,,,,,,,
770,148.8,1.82,,,,,,,,,,,
771,148.8,1.82,,,,,,,,,,,
772,148.9,1.83,,,,,,,,,,,
773,149.1,1.83,,,,,,,,,,,
774,149.1,1.83,,,,,,,,,,,
775,149.2,1.83,,,,,,,,,,,
776,149.3,1.82,,,,,,,,,,,
777,149.4,1.82,,,,,,,,,,,
778,149.5,1.82,,,,,,,,,,,
779,149.6,1.82,,,,,,,,,,,
780,149.7,1.83,,,,,,,,,,,
781,149.8,1.83,,,,,,,,,,,
782,149.9,1.83,,,,,,,,,,,
783,150,1.82,,,,,,,,,,,
784,150,1.82,,,,,,,,,,,
785,150.2,1.82,,,,,,,,,,,
786,150.2,1.82,,,,,,,,,,,
787,150.3,1.83,,,,,,,,,,,
788,150.4,1.83,,,,,,,,,,,
789,150.5,1.83,,,,,,,,,,,
790,150.6,1.82,,,,,,,,,,,
791,150.7,1.82,,,,,,,,,,,
792,150.8,1.82,,,,,,,,,,,
793,150.9,1.82,,,,,,,,,,,
794,151,1.83,,,,,,,,,,,
795,151.1,1.83,,,,,,,,,,,
796,151.1,1.83,,,,,,,,,,,
797,151.3,1.82,,,,,,,,,,,
798,151.3,1.82,,,,,,,,,,,
799,151.4,1.82,,,,,,,,,,,
800,151.5,1.82,,,,,,,,,,,
801,151.6,1.83,,,,,,,,,,,
802,151.7,1.83,,,,,,,,,,,
803,151.8,1.83,,,,,,,,,,,
804,151.9,1.83,,,,,,,,,,,
805,152,1.82,,,,,,,,,,,
806,152,1.82,,,,,,,,,,,
807,152.1,1.82,,,,,,,,,,,
808,152.2,1.82,,,,,,,,,,,
809,152.3,1.82,,,,,,,,,,,
810,152.4,1.83,,,,,,,,,,,
811,152.5,1.83,,,,,,,,,,,
812,152.6,1.83,,,,,,,,,,,
813,152.7,1.83,,,,,,,,,,,
814,152.8,1.82,,,,,,,,,,,
815,152.9,1.82,,,,,,,,,,,
816,152.9,1.82,,,,,,,,,,,
817,153,1.83,,,,,,,,,,,
818,153.1,1.83,,,,,,,,,,,
819,153.2,1.83,,,,,,,,,,,
820,153.3,1.82,,,,,,,,,,,
821,153.4,1.82,,,,,,,,,,,
822,153.5,1.82,,,,,,,,,,,
823,153.6,1.82,,,,,,,,,,,
824,153.6,1.83,,,,,,,,,,,
825,153.7,1.83,,,,,,,,,,,
826,153.8,1.82,,,,,,,,,,,
827,153.9,1.82,,,,,,,,,,,
828,154,1.82,,,,,,,,,,,
829,154.1,1.82,,,,,,,,,,,
830,154.2,1.83,,,,,,,,,,,
831,154.3,1.83,,,,,,,,,,,
832,154.3,1.83,,,,,,,,,,,
833,154.4,1.82,,,,,,,,,,,
834,154.5,1.82,,,,,,,,,,,
835,154.6,1.82,,,,,,,,,,,
836,154.7,1.82,,,,,,,,,,,
837,154.8,1.82,,,,,,,,,,,
838,154.8,1.83,,,,,,,,,,,
839,155,1.83,,,,,,,,,,,
840,155,1.82,,,,,,,,,,,
841,155.1,1.82,,,,,,,,,,,
842,155.2,1.82,,,,,,,,,,,
843,155.3,1.84,,,,,,,,,,,
844,155.3,1.83,,,,,,,,,,,
845,155.5,1.83,,,,,,,,,,,
846,155.5,1.83,,,,,,,,,,,
847,155.6,1.82,,,,,,,,,,,
848,155.7,1.82,,,,,,,,,,,
849,155.8,1.82,,,,,,,,,,,
850,155.8,1.82,,,,,,,,,,,
851,156,1.83,,,,,,,,,,,
852,156,1.83,,,,,,,,,,,
853,156.1,1.82,,,,,,,,,,,
854,156.2,1.82,,,,,,,,,,,
855,156.3,1.82,,,,,,,,,,,
856,156.4,1.82,,,,,,,,,,,
857,156.5,1.83,,,,,,,,,,,
858,156.6,1.83,,,,,,,,,,,
859,156.6,1.82,,,,,,,,,,,
860,156.7,1.82,,,,,,,,,,,
861,156.8,1.82,,,,,,,,,,,
862,156.9,1.83,,,,,,,,,,,
863,157,1.83,,,,,,,,,,,
864,157.1,1.83,,,,,,,,,,,
865,157.1,1.82,,,,,,,,,,,
866,157.2,1.82,,,,,,,,,,,
867,157.3,1.82,,,,,,,,,,,
868,157.4,1.82,,,,,,,,,,,
869,157.5,1.82,,,,,,,,,,,
870,157.5,1.83,,,,,,,,,,,
871,157.6,1.83,,,,,,,,,,,
872,157.7,1.82,,,,,,,,,,,
873,157.8,1.82,,,,,,,,,,,
874,157.9,1.82,,,,,,,,,,,
875,158,1.82,,,,,,,,,,,
876,158,1.83,,,,,,,,,,,
877,158.1,1.83,,,,,,,,,,,
878,158.2,1.83,,,,,,,,,,,
879,158.3,1.82,,,,,,,,,,,
880,158.3,1.82,,,,,,,,,,,
881,158.4,1.82,,,,,,,,,,,
882,158.5,1.82,,,,,,,,,,,
883,158.6,1.83,,,,,,,,,,,
884,158.7,1.83,,,,,,,,,,,
885,158.7,1.83,,,,,,,,,,,
886,158.8,1.82,,,,,,,,,,,
887,158.9,1.82,,,,,,,,,,,
888,159,1.82,,,,,,,,,,,
889,159.1,1.82,,,,,,,,,,,
890,159.2,1.83,,,,,,,,,,,
891,159.2,1.83,,,,,,,,,,,
892,159.3,1.82,,,,,,,,,,,
893,159.4,1.82,,,,,,,,,,,
894,159.5,1.82,,,,,,,,,,,
895,159.6,1.82,,,,,,,,,,,
896,159.6,1.83,,,,,,,,,,,
897,159.7,1.83,,,,,,,,,,,
898,159.8,1.82,,,,,,,,,,,
899,159.9,1.82,,,,,,,,,,,
900,159.9,1.82,,,,,,,,,,,
901,160,1.82,,,,,,,,,,,
902,160.1,1.82,,,,,,,,,,,
903,160.2,1.83,,,,,,,,,,,
904,160.3,1.83,,,,,,,,,,,
905,160.3,1.83,,,,,,,,,,,
906,160.4,1.82,,,,,,,,,,,
907,160.5,1.82,,,,,,,,,,,
908,160.6,1.82,,,,,,,,,,,
909,160.7,1.83,,,,,,,,,,,
910,160.7,1.83,,,,,,,,,,,
911,160.8,1.83,,,,,,,,,,,
912,160.9,1.82,,,,,,,,,,,
913,161,1.82,,,,,,,,,,,
914,161,1.82,,,,,,,,,,,
915,161.1,1.82,,,,,,,,,,,
916,161.2,1.83,,,,,,,,,,,
917,161.3,1.83,,,,,,,,,,,
918,161.4,1.82,,,,,,,,,,,
919,161.4,1.82,,,,,,,,,,,
920,161.5,1.82,,,,,,,,,,,
921,161.6,1.82,,,,,,,,,,,
922,161.7,1.83,,,,,,,,,,,
923,161.7,1.83,,,,,,,,,,,
924,161.8,1.82,,,,,,,,,,,
925,161.9,1.82,,,,,,,,,,,
926,162,1.82,,,,,,,,,,,
927,162,1.83,,,,,,,,,,,
928,162.1,1.83,,,,,,,,,,,
929,162.2,1.82,,,,,,,,,,,
930,162.3,1.82,,,,,,,,,,,
931,162.3,1.82,,,,,,,,,,,
932,162.4,1.82,,,,,,,,,,,
933,162.5,1.82,,,,,,,,,,,
934,162.6,1.83,,,,,,,,,,,
935,162.6,1.83,,,,,,,,,,,
936,162.7,1.82,,,,,,,,,,,
937,162.8,1.82,,,,,,,,,,,
938,162.9,1.82,,,,,,,,,,,
939,163,1.82,,,,,,,,,,,
940,163,1.83,,,,,,,,,,,
941,163.1,1.83,,,,,,,,,,,
942,163.2,1.83,,,,,,,,,,,
943,163.3,1.82,,,,,,,,,,,
944,163.3,1.82,,,,,,,,,,,
945,163.4,1.82,,,,,,,,,,,
946,163.5,1.83,,,,,,,,,,,
947,163.5,1.83,,,,,,,,,,,
948,163.6,1.83,,,,,,,,,,,
949,163.7,1.82,,,,,,,,,,,
950,163.8,1.82,,,,,,,,,,,
951,163.8,1.82,,,,,,,,,,,
952,163.9,1.82,,,,,,,,,,,
953,164,1.83,,,,,,,,,,,
954,164.1,1.83,,,,,,,,,,,
955,164.2,1.82,,,,,,,,,,,
956,164.2,1.82,,,,,,,,,,,
957,164.3,1.82,,,,,,,,,,,
958,164.4,1.82,,,,,,,,,,,
959,164.4,1.83,,,,,,,,,,,
960,164.5,1.83,,,,,,,,,,,
961,164.6,1.82,,,,,,,,,,,
962,164.7,1.82,,,,,,,,,,,
963,164.7,1.82,,,,,,,,,,,
964,164.8,1.83,,,,,,,,,,,
965,164.9,1.83,,,,,,,,,,,
966,164.9,1.82,,,,,,,,,,,
967,165,1.82,,,,,,,,,,,
968,165.1,1.82,,,,,,,,,,,
969,165.1,1.82,,,,,,,,,,,
970,165.2,1.83,,,,,,,,,,,
971,165.2,1.83,,,,,,,,,,,
972,165.2,1.82,,,,,,,,,,,
973,165.3,1.82,,,,,,,,,,,
974,165.3,1.82,,,,,,,,,,,
975,165.3,1.83,,,,,,,,,,,
976,165.4,1.83,,,,,,,,,,,
977,165.4,1.82,,,,,,,,,,,
978,165.4,1.82,,,,,,,,,,,
979,165.4,1.82,,,,,,,,,,,
980,165.4,1.82,,,,,,,,,,,
981,165.4,1.83,,,,,,,,,,,
982,165.4,1.83,,,,,,,,,,,
983,165.4,1.82,,,,,,,,,,,
984,165.4,1.82,,,,,,,,,,,
985,165.4,1.82,,,,,,,,,,,
986,165.4,1.83,,,,,,,,,,,
987,165.4,1.83,,,,,,,,,,,
988,165.3,1.82,,,,,,,,,,,
989,165.3,1.82,,,,,,,,,,,
990,165.3,1.82,,,,,,,,,,,
991,165.2,1.83,,,,,,,,,,,
992,165.2,1.83,,,,,,,,,,,
993,165.2,1.82,,,,,,,,,,,
994,165.1,1.82,,,,,,,,,,,
995,165.1,1.82,,,,,,,,,,,
996,165,1.82,,,,,,,,,,,
997,165,1.83,,,,,,,,,,,
998,164.9,1.83,,,,,,,,,,,
999,164.8,1.83,,,,,,,,,,,
1000,164.8,1.82,,,,,,,,,,,
1001,164.7,1.82,,,,,,,,,,,
1002,164.6,1.82,,,,,,,,,,,
1003,164.6,1.82,,,,,,,,,,,
1004,164.5,1.82,,,,,,,,,,,
1005,164.4,1.83,,,,,,,,,,,
1006,164.3,1.83,,,,,,,,,,,
1007,164.3,1.83,,,,,,,,,,,
1008,164.2,1.82,,,,,,,,,,,
1009,164.1,1.82,,,,,,,,,,,
1010,164,1.82,,,,,,,,,,,
1011,163.9,1.83,,,,,,,,,,,
1012,163.8,1.83,,,,,,,,,,,
1013,163.7,1.83,,,,,,,,,,,
1014,163.6,1.82,,,,,,,,,,,
1015,163.5,1.82,,,,,,,,,,,
1016,163.5,1.82,,,,,,,,,,,
1017,163.4,1.82,,,,,,,,,,,
1018,163.3,1.83,,,,,,,,,,,
1019,163.2,1.83,,,,,,,,,,,
1020,163,1.82,,,,,,,,,,,
1021,162.9,1.82,,,,,,,,,,,
1022,162.8,1.82,,,,,,,,,,,
1023,162.7,1.82,,,,,,,,,,,
1024,162.6,1.83,,,,,,,,,,,
1025,162.5,1.83,,,,,,,,,,,
1026,162.4,1.83,,,,,,,,,,,
1027,162.3,1.82,,,,,,,,,,,
1028,162.2,1.82,,,,,,,,,,,
1029,162.1,1.82,,,,,,,,,,,
1030,161.9,1.83,,,,,,,,,,,
1031,161.8,1.83,,,,,,,,,,,
1032,161.7,1.83,,,,,,,,,,,
1033,161.6,1.82,,,,,,,,,,,
1034,161.5,1.82,,,,,,,,,,,
1035,161.3,1.82,,,,,,,,,,,
1036,161.2,1.83,,,,,,,,,,,
1037,161.1,1.83,,,,,,,,,,,
1038,161,1.83,,,,,,,,,,,
1039,160.8,1.82,,,,,,,,,,,
1040,160.7,1.82,,,,,,,,,,,
1041,160.6,1.82,,,,,,,,,,,
1042,160.5,1.83,,,,,,,,,,,
1043,160.4,1.83,,,,,,,,,,,
1044,160.2,1.83,,,,,,,,,,,
1045,160.1,1.83,,,,,,,,,,,
1046,159.9,1.82,,,,,,,,,,,
1047,159.8,1.82,,,,,,,,,,,
1048,159.7,1.82,,,,,,,,,,,
1049,159.6,1.83,,,,,,,,,,,
1050,159.4,1.83,,,,,,,,,,,
1051,159.3,1.82,,,,,,,,,,,
1052,159.2,1.82,,,,,,,,,,,
1053,159,1.82,,,,,,,,,,,
1054,158.9,1.82,,,,,,,,,,,
1055,158.8,1.83,,,,,,,,,,,
1056,158.6,1.83,,,,,,,,,,,
1057,158.5,1.82,,,,,,,,,,,
1058,158.4,1.82,,,,,,,,,,,
1059,158.2,1.82,,,,,,,,,,,
1060,158.1,1.83,,,,,,,,,,,
1061,158,1.83,,,,,,,,,,,
1062,157.8,1.83,,,,,,,,,,,
1063,157.7,1.82,,,,,,,,,,,
1064,157.5,1.82,,,,,,,,,,,
1065,157.4,1.82,,,,,,,,,,,
1066,157.3,1.82,,,,,,,,,,,
1067,157.1,1.82,,,,,,,,,,,
1068,157,1.83,,,,,,,,,,,
1069,156.8,1.83,,,,,,,,,,,
1070,156.7,1.83,,,,,,,,,,,
1071,156.6,1.82,,,,,,,,,,,
1072,156.4,1.82,,,,,,,,,,,
1073,156.3,1.82,,,,,,,,,,,
1074,156.2,1.83,,,,,,,,,,,
1075,156,1.83,,,,,,,,,,,
1076,155.9,1.83,,,,,,,,,,,
1077,155.7,1.82,,,,,,,,,,,
1078,155.6,1.82,,,,,,,,,,,
1079,155.5,1.82,,,,,,,,,,,
1080,155.3,1.82,,,,,,,,,,,
1081,155.2,1.83,,,,,,,,,,,
1082,155,1.83,,,,,,,,,,,
1083,154.9,1.83,,,,,,,,,,,
1084,154.7,1.82,,,,,,,,,,,
1085,154.6,1.82,,,,,,,,,,,
1086,154.5,1.83,,,,,,,,,,,
1087,154.3,1.83,,,,,,,,,,,
1088,154.2,1.84,,,,,,,,,,,
1089,154,1.83,,,,,,,,,,,
1090,153.9,1.82,,,,,,,,,,,
1091,153.8,1.82,,,,,,,,,,,
1092,153.6,1.82,,,,,,,,,,,
1093,153.4,1.83,,,,,,,,,,,
1094,153.3,1.83,,,,,,,,,,,
1095,153.2,1.83,,,,,,,,,,,
1096,153,1.83,,,,,,,,,,,
1097,152.9,1.82,,,,,,,,,,,
1098,152.8,1.82,,,,,,,,,,,
1099,152.6,1.82,,,,,,,,,,,
1100,152.4,1.83,,,,,,,,,,,
1101,152.3,1.83,,,,,,,,,,,
1102,152.2,1.83,,,,,,,,,,,
1103,152,1.82,,,,,,,,,,,
1104,151.9,1.82,,,,,,,,,,,
1105,151.7,1.82,,,,,,,,,,,
1106,151.6,1.83,,,,,,,,,,,
1107,151.5,1.83,,,,,,,,,,,
1108,151.3,1.83,,,,,,,,,,,
1109,151.2,1.82,,,,,,,,,,,
1110,151,1.82,,,,,,,,,,,
1111,150.9,1.82,,,,,,,,,,,
1112,150.7,1.83,,,,,,,,,,,
1113,150.6,1.84,,,,,,,,,,,
1114,150.5,1.82,,,,,,,,,,,
1115,150.3,1.82,,,,,,,,,,,
1116,150.2,1.83,,,,,,,,,,,
1117,150,1.83,,,,,,,,,,,
1118,149.9,1.83,,,,,,,,,,,
1119,149.7,1.83,,,,,,,,,,,
1120,149.6,1.82,,,,,,,,,,,
1121,149.5,1.82,,,,,,,,,,,
1122,149.3,1.83,,,,,,,,,,,
1123,149.2,1.84,,,,,,,,,,,
1124,149,1.83,,,,,,,,,,,
1125,148.9,1.82,,,,,,,,,,,
1126,148.8,1.82,,,,,,,,,,,
1127,148.6,1.83,,,,,,,,,,,
1128,148.5,1.84,,,,,,,,,,,
1129,148.3,1.84,,,,,,,,,,,
1130,148.2,1.84,,,,,,,,,,,
1131,148,1.83,,,,,,,,,,,
1132,147.9,1.83,,,,,,,,,,,
1133,147.8,1.83,,,,,,,,,,,
1134,147.6,1.84,,,,,,,,,,,
1135,147.5,1.84,,,,,,,,,,,
1136,147.3,1.84,,,,,,,,,,,
1137,147.2,1.84,,,,,,,,,,,
1138,147.1,1.83,,,,,,,,,,,
1139,146.9,1.83,,,,,,,,,,,
1140,146.8,1.84,,,,,,,,,,,
1141,146.6,1.84,,,,,,,,,,,
1142,146.5,1.84,,,,,,,,,,,
1143,146.3,1.84,,,,,,,,,,,
1144,146.2,1.83,,,,,,,,,,,
1145,146.1,1.83,,,,,,,,,,,
1146,145.9,1.84,,,,,,,,,,,
1147,145.8,1.84,,,,,,,,,,,
1148,145.6,1.85,,,,,,,,,,,
1149,145.5,1.84,,,,,,,,,,,
1150,145.4,1.84,,,,,,,,,,,
1151,145.2,1.84,,,,,,,,,,,
1152,145.1,1.84,,,,,,,,,,,
1153,144.9,1.85,,,,,,,,,,,
1154,144.8,1.85,,,,,,,,,,,
1155,144.7,1.85,,,,,,,,,,,
1156,144.5,1.85,,,,,,,,,,,
1157,144.4,1.84,,,,,,,,,,,
1158,144.3,1.85,,,,,,,,,,,
1159,144.1,1.86,,,,,,,,,,,
1160,144,1.86,,,,,,,,,,,
1161,143.9,1.85,,,,,,,,,,,
1162,143.7,1.85,,,,,,,,,,,
1163,143.6,1.85,,,,,,,,,,,
1164,143.5,1.86,,,,,,,,,,,
1165,143.3,1.87,,,,,,,,,,,
1166,143.2,1.86,,,,,,,,,,,
1167,143,1.86,,,,,,,,,,,
1168,142.9,1.86,,,,,,,,,,,
1169,142.8,1.86,,,,,,,,,,,
1170,142.6,1.87,,,,,,,,,,,
1171,142.5,1.87,,,,,,,,,,,
1172,142.3,1.87,,,,,,,,,,,
1173,142.2,1.86,,,,,,,,,,,
1174,142.1,1.87,,,,,,,,,,,
1175,141.9,1.88,,,,,,,,,,,
1176,141.8,1.88,,,,,,,,,,,
1177,141.7,1.88,,,,,,,,,,,
1178,141.5,1.88,,,,,,,,,,,
1179,141.4,1.87,,,,,,,,,,,
1180,141.3,1.88,,,,,,,,,,,
1181,141.1,1.89,,,,,,,,,,,
1182,141,1.89,,,,,,,,,,,
1183,140.8,1.89,,,,,,,,,,,
1184,140.7,1.88,,,,,,,,,,,
1185,140.6,1.89,,,,,,,,,,,
1186,140.5,1.9,,,,,,,,,,,
1187,140.3,1.9,,,,,,,,,,,
1188,140.2,1.9,,,,,,,,,,,
1189,140,1.89,,,,,,,,,,,
1190,139.9,1.9,,,,,,,,,,,
1191,139.8,1.91,,,,,,,,,,,
1192,139.7,1.91,,,,,,,,,,,
1193,139.5,1.91,,,,,,,,,,,
1194,139.4,1.91,,,,,,,,,,,
1195,139.3,1.91,,,,,,,,,,,
1196,139.1,1.92,,,,,,,,,,,
1197,139,1.93,,,,,,,,,,,
1198,138.9,1.93,,,,,,,,,,,
1199,138.7,1.93,,,,,,,,,,,
1200,138.6,1.92,,,,,,,,,,,
1201,138.5,1.92,,,,,,,,,,,
1202,138.3,1.93,,,,,,,,,,,
1203,138.2,1.94,,,,,,,,,,,
1204,138.1,1.94,,,,,,,,,,,
1205,138,1.94,,,,,,,,,,,
1206,137.8,1.94,,,,,,,,,,,
1207,137.7,1.95,,,,,,,,,,,
1208,137.6,1.96,,,,,,,,,,,
1209,137.4,1.96,,,,,,,,,,,
1210,137.3,1.96,,,,,,,,,,,
1211,137.2,1.96,,,,,,,,,,,
1212,137.1,1.95,,,,,,,,,,,
1213,136.9,1.97,,,,,,,,,,,
1214,136.8,1.97,,,,,,,,,,,
1215,136.7,1.98,,,,,,,,,,,
1216,136.5,1.97,,,,,,,,,,,
1217,136.4,1.97,,,,,,,,,,,
1218,136.3,1.98,,,,,,,,,,,
1219,136.2,1.99,,,,,,,,,,,
1220,136,1.99,,,,,,,,,,,
1221,135.9,1.99,,,,,,,,,,,
1222,135.8,1.99,,,,,,,,,,,
1223,135.7,2,,,,,,,,,,,
1224,135.5,2.01,,,,,,,,,,,
1225,135.4,2.01,,,,,,,,,,,
1226,135.3,2.01,,,,,,,,,,,
1227,135.2,2.01,,,,,,,,,,,
1228,135,2.01,,,,,,,,,,,
1229,134.9,2.02,,,,,,,,,,,
1230,134.8,2.03,,,,,,,,,,,
1231,134.7,2.03,,,,,,,,,,,
1232,134.5,2.03,,,,,,,,,,,
1233,134.4,2.03,,,,,,,,,,,
1234,134.3,2.04,,,,,,,,,,,
1235,134.2,2.05,,,,,,,,,,,
1236,134,2.05,,,,,,,,,,,
1237,133.9,2.04,,,,,,,,,,,
1238,133.8,2.05,,,,,,,,,,,
1239,133.7,2.05,,,,,,,,,,,
1240,133.5,2.06,,,,,,,,,,,
1241,133.4,2.06,,,,,,,,,,,
1242,133.3,2.06,,,,,,,,,,,
1243,133.2,2.06,,,,,,,,,,,
1244,133,2.07,,,,,,,,,,,
1245,132.9,2.08,,,,,,,,,,,
1246,132.8,2.08,,,,,,,,,,,
1247,132.7,2.08,,,,,,,,,,,
1248,132.6,2.07,,,,,,,,,,,
1249,132.5,2.08,,,,,,,,,,,
1250,132.3,2.09,,,,,,,,,,,
1251,132.2,2.09,,,,,,,,,,,
1252,132.1,2.08,,,,,,,,,,,
1253,132,2.09,,,,,,,,,,,
1254,131.8,2.1,,,,,,,,,,,
1255,131.7,2.1,,,,,,,,,,,
1256,131.6,2.1,,,,,,,,,,,
1257,131.5,2.1,,,,,,,,,,,
1258,131.4,2.1,,,,,,,,,,,
1259,131.2,2.1,,,,,,,,,,,
1260,131.1,2.11,,,,,,,,,,,
1261,131,2.12,,,,,,,,,,,
1262,130.9,2.12,,,,,,,,,,,
1263,130.8,2.11,,,,,,,,,,,
1264,130.7,2.11,,,,,,,,,,,
1265,130.5,2.1,,,,,,,,,,,
1266,130.4,2.11,,,,,,,,,,,
1267,130.3,2.11,,,,,,,,,,,
1268,130.2,2.12,,,,,,,,,,,
1269,130.1,2.12,,,,,,,,,,,
1270,130,2.12,,,,,,,,,,,
1271,129.8,2.11,,,,,,,,,,,
1272,129.7,2.11,,,,,,,,,,,
1273,129.6,2.11,,,,,,,,,,,
1274,129.5,2.12,,,,,,,,,,,
1275,129.4,2.13,,,,,,,,,,,
1276,129.3,2.12,,,,,,,,,,,
1277,129.2,2.12,,,,,,,,,,,
1278,129.1,2.11,,,,,,,,,,,
1279,128.9,2.11,,,,,,,,,,,
1280,128.8,2.11,,,,,,,,,,,
1281,128.7,2.12,,,,,,,,,,,
1282,128.6,2.12,,,,,,,,,,,
1283,128.5,2.12,,,,,,,,,,,
1284,128.4,2.12,,,,,,,,,,,
1285,128.3,2.11,,,,,,,,,,,
1286,128.1,2.11,,,,,,,,,,,
1287,128,2.12,,,,,,,,,,,
1288,127.9,2.12,,,,,,,,,,,
1289,127.8,2.12,,,,,,,,,,,
1290,127.7,2.11,,,,,,,,,,,
1291,127.6,2.11,,,,,,,,,,,
1292,127.5,2.11,,,,,,,,,,,
1293,127.3,2.11,,,,,,,,,,,
1294,127.2,2.12,,,,,,,,,,,
1295,127.1,2.12,,,,,,,,,,,
1296,127,2.12,,,,,,,,,,,
1297,126.9,2.12,,,,,,,,,,,
1298,126.8,2.11,,,,,,,,,,,
1299,126.7,2.11,,,,,,,,,,,
1300,126.6,2.11,,,,,,,,,,,
1301,126.5,2.12,,,,,,,,,,,
1302,126.4,2.12,,,,,,,,,,,
1303,126.3,2.12,,,,,,,,,,,
1304,126.1,2.11,,,,,,,,,,,
1305,126,2.11,,,,,,,,,,,
1306,125.9,2.11,,,,,,,,,,,
1307,125.8,2.11,,,,,,,,,,,
1308,125.7,2.12,,,,,,,,,,,
1309,125.6,2.12,,,,,,,,,,,
1310,125.5,2.12,,,,,,,,,,,
1311,125.4,2.11,,,,,,,,,,,
1312,125.3,2.11,,,,,,,,,,,
1313,125.2,2.11,,,,,,,,,,,
1314,125,2.12,,,,,,,,,,,
1315,124.9,2.12,,,,,,,,,,,
1316,124.8,2.12,,,,,,,,,,,
1317,124.7,2.11,,,,,,,,,,,
1318,124.6,2.11,,,,,,,,,,,
1319,124.5,2.11,,,,,,,,,,,
1320,124.4,2.12,,,,,,,,,,,
1321,124.3,2.12,,,,,,,,,,,
1322,124.2,2.12,,,,,,,,,,,
1323,124.1,2.11,,,,,,,,,,,
1324,124,2.11,,,,,,,,,,,
1325,123.9,2.11,,,,,,,,,,,
1326,123.7,2.12,,,,,,,,,,,
1327,123.6,2.12,,,,,,,,,,,
1328,123.5,2.12,,,,,,,,,,,
1329,123.4,2.11,,,,,,,,,,,
1330,123.3,2.11,,,,,,,,,,,
1331,123.2,2.11,,,,,,,,,,,
1332,123.1,2.12,,,,,,,,,,,
1333,123,2.12,,,,,,,,,,,
1334,122.9,2.12,,,,,,,,,,,
1335,122.8,2.11,,,,,,,,,,,
1336,122.7,2.11,,,,,,,,,,,
1337,122.6,2.11,,,,,,,,,,,
1338,122.5,2.12,,,,,,,,,,,
1339,122.4,2.12,,,,,,,,,,,
1340,122.2,2.12,,,,,,,,,,,
1341,122.1,2.11,,,,,,,,,,,
1342,122,2.11,,,,,,,,,,,
1343,122,2.11,,,,,,,,,,,
1344,121.8,2.12,,,,,,,,,,,
1345,121.7,2.12,,,,,,,,,,,
1346,121.6,2.12,,,,,,,,,,,
1347,121.5,2.11,,,,,,,,,,,
1348,121.4,2.11,,,,,,,,,,,
1349,121.3,2.11,,,,,,,,,,,
1350,121.2,2.12,,,,,,,,,,,
1351,121.1,2.12,,,,,,,,,,,
1352,121,2.11,,,,,,,,,,,
1353,120.9,2.11,,,,,,,,,,,
1354,120.8,2.11,,,,,,,,,,,
1355,120.7,2.12,,,,,,,,,,,
1356,120.6,2.12,,,,,,,,,,,
1357,120.5,2.12,,,,,,,,,,,
1358,120.4,2.11,,,,,,,,,,,
1359,120.3,2.11,,,,,,,,,,,
1360,120.2,2.11,,,,,,,,,,,
1361,120.1,2.12,,,,,,,,,,,
1362,120,2.12,,,,,,,,,,,
1363,119.9,2.12,,,,,,,,,,,
1364,119.8,2.11,,,,,,,,,,,
1365,119.7,2.11,,,,,,,,,,,
1366,119.6,2.12,,,,,,,,,,,
1367,119.5,2.12,,,,,,,,,,,
1368,119.4,2.12,,,,,,,,,,,
1369,119.3,2.11,,,,,,,,,,,
1370,119.2,2.11,,,,,,,,,,,
1371,119.1,2.11,,,,,,,,,,,
1372,119,2.12,,,,,,,,,,,
1373,118.9,2.12,,,,,,,,,,,
1374,118.8,2.12,,,,,,,,,,,
1375,118.7,2.11,,,,,,,,,,,
1376,118.6,2.11,,,,,,,,,,,
1377,118.5,2.11,,,,,,,,,,,
1378,118.4,2.12,,,,,,,,,,,
1379,118.3,2.12,,,,,,,,,,,
1380,118.2,2.12,,,,,,,,,,,
1381,118.1,2.11,,,,,,,,,,,
1382,118,2.11,,,,,,,,,,,
1383,117.9,2.12,,,,,,,,,,,
1384,117.8,2.12,,,,,,,,,,,
1385,117.7,2.11,,,,,,,,,,,
1386,117.6,2.11,,,,,,,,,,,
1387,117.5,2.11,,,,,,,,,,,
1388,117.4,2.12,,,,,,,,,,,
1389,117.3,2.12,,,,,,,,,,,
1390,117.2,2.12,,,,,,,,,,,
1391,117.1,2.11,,,,,,,,,,,
1392,117,2.11,,,,,,,,,,,
1393,116.9,2.11,,,,,,,,,,,
1394,116.8,2.11,,,,,,,,,,,
1395,116.7,2.12,,,,,,,,,,,
1396,116.6,2.12,,,,,,,,,,,
1397,116.5,2.12,,,,,,,,,,,
1398,116.4,2.11,,,,,,,,,,,
1399,116.3,2.11,,,,,,,,,,,
1400,116.2,2.11,,,,,,,,,,,
1401,116.1,2.12,,,,,,,,,,,
1402,116,2.12,,,,,,,,,,,
1403,115.9,2.12,,,,,,,,,,,
1404,115.9,2.11,,,,,,,,,,,
1405,115.8,2.11,,,,,,,,,,,
1406,115.7,2.11,,,,,,,,,,,
1407,115.6,2.12,,,,,,,,,,,
1408,115.5,2.12,,,,,,,,,,,
1409,115.4,2.12,,,,,,,,,,,
1410,115.3,2.11,,,,,,,,,,,
1411,115.2,2.11,,,,,,,,,,,
1412,115.1,2.11,,,,,,,,,,,
1413,115,2.12,,,,,,,,,,,
1414,114.9,2.12,,,,,,,,,,,
1415,114.8,2.12,,,,,,,,,,,
1416,114.7,2.11,,,,,,,,,,,
1417,114.6,2.11,,,,,,,,,,,
1418,114.5,2.11,,,,,,,,,,,
1419,114.4,2.12,,,,,,,,,,,
1420,114.3,2.12,,,,,,,,,,,
1421,114.2,2.12,,,,,,,,,,,
1422,114.2,2.11,,,,,,,,,,,
1423,114.1,2.11,,,,,,,,,,,
1424,114,2.11,,,,,,,,,,,
1425,113.9,2.12,,,,,,,,,,,
1426,113.8,2.12,,,,,,,,,,,
1427,113.7,2.12,,,,,,,,,,,
1428,113.6,2.11,,,,,,,,,,,
1429,113.5,2.11,,,,,,,,,,,
1430,113.4,2.12,,,,,,,,,,,
1431,113.3,2.12,,,,,,,,,,,
1432,113.2,2.12,,,,,,,,,,,
1433,113.1,2.12,,,,,,,,,,,
1434,113,2.11,,,,,,,,,,,
1435,113,2.11,,,,,,,,,,,
1436,112.9,2.12,,,,,,,,,,,
1437,112.8,2.12,,,,,,,,,,,
1438,112.7,2.12,,,,,,,,,,,
1439,112.6,2.11,,,,,,,,,,,
1440,112.5,2.11,,,,,,,,,,,
1441,112.4,2.11,,,,,,,,,,,
1442,112.3,2.12,,,,,,,,,,,
1443,112.2,2.12,,,,,,,,,,,
1444,112.1,2.11,,,,,,,,,,,
1445,112,2.11,,,,,,,,,,,
1446,112,2.11,,,,,,,,,,,
1447,111.9,2.12,,,,,,,,,,,
1448,111.8,2.12,,,,,,,,,,,
1449,111.7,2.12,,,,,,,,,,,
1450,111.6,2.11,,,,,,,,,,,
1451,111.5,2.11,,,,,,,,,,,
1452,111.4,2.12,,,,,,,,,,,
1453,111.3,2.12,,,,,,,,,,,
1454,111.3,2.12,,,,,,,,,,,
1455,111.1,2.11,,,,,,,,,,,
1456,111.1,2.11,,,,,,,,,,,
1457,111,2.11,,,,,,,,,,,
1458,110.9,2.12,,,,,,,,,,,
1459,110.8,2.12,,,,,,,,,,,
1460,110.7,2.12,,,,,,,,,,,
1461,110.6,2.11,,,,,,,,,,,
1462,110.5,2.11,,,,,,,,,,,
1463,110.5,2.11,,,,,,,,,,,
1464,110.4,2.12,,,,,,,,,,,
1465,110.3,2.12,,,,,,,,,,,
1466,110.2,2.12,,,,,,,,,,,
1467,110.1,2.11,,,,,,,,,,,
1468,110,2.11,,,,,,,,,,,
1469,109.9,2.12,,,,,,,,,,,
1470,109.9,2.12,,,,,,,,,,,
1471,109.8,2.12,,,,,,,,,,,
1472,109.7,2.12,,,,,,,,,,,
1473,109.6,2.11,,,,,,,,,,,
1474,109.5,2.11,,,,,,,,,,,
1475,109.4,2.11,,,,,,,,,,,
1476,109.3,2.12,,,,,,,,,,,
1477,109.3,2.12,,,,,,,,,,,
1478,109.2,2.11,,,,,,,,,,,
1479,109.1,2.11,,,,,,,,,,,
1480,109,2.11,,,,,,,,,,,
1481,108.9,2.12,,,,,,,,,,,
1482,108.8,2.12,,,,,,,,,,,
1483,108.7,2.11,,,,,,,,,,,
1484,108.7,2.11,,,,,,,,,,,
1485,108.6,2.11,,,,,,,,,,,
1486,108.5,2.12,,,,,,,,,,,
1487,108.4,2.12,,,,,,,,,,,
1488,108.3,2.12,,,,,,,,,,,
1489,108.2,2.11,,,,,,,,,,,
1490,108.2,2.11,,,,,,,,,,,
1491,108.1,2.12,,,,,,,,,,,
1492,108,2.12,,,,,,,,,,,
1493,107.9,2.12,,,,,,,,,,,
1494,107.8,2.11,,,,,,,,,,,
1495,107.7,2.11,,,,,,,,,,,
1496,107.7,2.11,,,,,,,,,,,
1497,107.6,2.12,,,,,,,,,,,
1498,107.5,2.12,,,,,,,,,,,
1499,107.4,2.11,,,,,,,,,,,
1500,107.3,2.11,,,,,,,,,,,
1501,107.3,2.11,,,,,,,,,,,
1502,107.2,2.12,,,,,,,,,,,
1503,107.1,2.12,,,,,,,,,,,
1504,107,2.12,,,,,,,,,,,
1505,106.9,2.11,,,,,,,,,,,
1506,106.8,2.11,,,,,,,,,,,
1507,106.8,2.12,,,,,,,,,,,
1508,106.7,2.12,,,,,,,,,,,
1509,106.6,2.12,,,,,,,,,,,
1510,106.5,2.11,,,,,,,,,,,
1511,106.4,2.11,,,,,,,,,,,
1512,106.4,2.12,,,,,,,,,,,
1513,106.3,2.12,,,,,,,,,,,
1514,106.2,2.12,,,,,,,,,,,
1515,106.1,2.11,,,,,,,,,,,
1516,106,2.11,,,,,,,,,,,
1517,105.9,2.12,,,,,,,,,,,
1518,105.9,2.12,,,,,,,,,,,
1519,105.8,2.11,,,,,,,,,,,
1520,105.7,2.11,,,,,,,,,,,
1521,105.6,2.11,,,,,,,,,,,
1522,105.5,2.11,,,,,,,,,,,
1523,105.5,2.12,,,,,,,,,,,
1524,105.4,2.12,,,,,,,,,,,
1525,105.3,2.12,,,,,,,,,,,
1526,105.2,2.12,,,,,,,,,,,
1527,105.1,2.11,,,,,,,,,,,
1528,105.1,2.11,,,,,,,,,,,
1529,105,2.11,,,,,,,,,,,
1530,104.9,2.12,,,,,,,,,,,
1531,104.8,2.12,,,,,,,,,,,
1532,104.8,2.12,,,,,,,,,,,
1533,104.7,2.11,,,,,,,,,,,
1534,104.6,2.11,,,,,,,,,,,
1535,104.5,2.11,,,,,,,,,,,
1536,104.5,2.11,,,,,,,,,,,
1537,104.4,2.12,,,,,,,,,,,
1538,104.3,2.12,,,,,,,,,,,
1539,104.2,2.12,,,,,,,,,,,
1540,104.1,2.11,,,,,,,,,,,
1541,104.1,2.11,,,,,,,,,,,
1542,104,2.11,,,,,,,,,,,
1543,103.9,2.12,,,,,,,,,,,
1544,103.8,2.12,,,,,,,,,,,
1545,103.8,2.12,,,,,,,,,,,
1546,103.7,2.11,,,,,,,,,,,
1547,103.6,2.11,,,,,,,,,,,
1548,103.5,2.12,,,,,,,,,,,
1549,103.5,2.12,,,,,,,,,,,
1550,103.4,2.11,,,,,,,,,,,
1551,103.3,2.11,,,,,,,,,,,
1552,103.2,2.11,,,,,,,,,,,
1553,103.1,2.12,,,,,,,,,,,
1554,103.1,2.12,,,,,,,,,,,
1555,103,2.12,,,,,,,,,,,
1556,102.9,2.11,,,,,,,,,,,
1557,102.9,2.11,,,,,,,,,,,
1558,102.8,2.11,,,,,,,,,,,
1559,102.7,2.12,,,,,,,,,,,
1560,102.6,2.12,,,,,,,,,,,
1561,102.5,2.12,,,,,,,,,,,
1562,102.5,2.11,,,,,,,,,,,
1563,102.4,2.11,,,,,,,,,,,
1564,102.3,2.11,,,,,,,,,,,
1565,102.2,2.12,,,,,,,,,,,
1566,102.2,2.12,,,,,,,,,,,
1567,102.1,2.11,,,,,,,,,,,
1568,102,2.11,,,,,,,,,,,
1569,102,2.11,,,,,,,,,,,
1570,101.9,2.12,,,,,,,,,,,
1571,101.8,2.12,,,,,,,,,,,
1572,101.7,2.12,,,,,,,,,,,
1573,101.7,2.11,,,,,,,,,,,
1574,101.6,2.11,,,,,,,,,,,
1575,101.5,2.11,,,,,,,,,,,
1576,101.4,2.12,,,,,,,,,,,
1577,101.3,2.12,,,,,,,,,,,
1578,101.3,2.12,,,,,,,,,,,
1579,101.2,2.11,,,,,,,,,,,
1580,101.1,2.11,,,,,,,,,,,
1581,101.1,2.12,,,,,,,,,,,
1582,101,2.12,,,,,,,,,,,
1583,100.9,2.12,,,,,,,,,,,
1584,100.8,2.11,,,,,,,,,,,
1585,100.8,2.11,,,,,,,,,,,
1586,100.7,2.11,,,,,,,,,,,
1587,100.6,2.12,,,,,,,,,,,
1588,100.5,2.12,,,,,,,,,,,
1589,100.5,2.12,,,,,,,,,,,
1590,100.4,2.11,,,,,,,,,,,
1591,100.3,2.11,,,,,,,,,,,
1592,100.3,2.11,,,,,,,,,,,
1593,100.2,2.12,,,,,,,,,,,
1594,100.1,2.12,,,,,,,,,,,
1595,100,2.12,,,,,,,,,,,
1596,100,2.11,,,,,,,,,,,
1597,99.9,2.11,,,,,,,,,,,
1598,99.8,2.11,,,,,,,,,,,
1599,99.8,2.12,,,,,,,,,,,
1600,99.7,2.12,,,,,,,,,,,
1601,99.6,2.11,,,,,,,,,,,
1602,99.6,2.11,,,,,,,,,,,
1603,99.5,2.11,,,,,,,,,,,
1604,99.4,2.12,,,,,,,,,,,
1605,99.4,2.12,,,,,,,,,,,
1606,99.3,2.12,,,,,,,,,,,
1607,99.2,2.11,,,,,,,,,,,
1608,99.1,2.11,,,,,,,,,,,
1609,99.1,2.12,,,,,,,,,,,
1610,99,2.12,,,,,,,,,,,
1611,98.9,2.12,,,,,,,,,,,
1612,98.9,2.11,,,,,,,,,,,
1613,98.8,2.11,,,,,,,,,,,
1614,98.7,2.12,,,,,,,,,,,
1615,98.7,2.12,,,,,,,,,,,
1616,98.6,2.12,,,,,,,,,,,
1617,98.5,2.11,,,,,,,,,,,
1618,98.4,2.11,,,,,,,,,,,
1619,98.4,2.11,,,,,,,,,,,
1620,98.3,2.12,,,,,,,,,,,
1621,98.2,2.12,,,,,,,,,,,
1622,98.2,2.12,,,,,,,,,,,
1623,98.1,2.11,,,,,,,,,,,
1624,98,2.11,,,,,,,,,,,
1625,98,2.11,,,,,,,,,,,
1626,97.9,2.12,,,,,,,,,,,
1627,97.8,2.12,,,,,,,,,,,
1628,97.8,2.11,,,,,,,,,,,
1629,97.7,2.11,,,,,,,,,,,
1630,97.6,2.11,,,,,,,,,,,
1631,97.6,2.12,,,,,,,,,,,
1632,97.5,2.12,,,,,,,,,,,
1633,97.4,2.11,,,,,,,,,,,
1634,97.4,2.11,,,,,,,,,,,
1635,97.3,2.11,,,,,,,,,,,
1636,97.2,2.12,,,,,,,,,,,
1637,97.2,2.12,,,,,,,,,,,
1638,97.1,2.11,,,,,,,,,,,
1639,97,2.11,,,,,,,,,,,
1640,97,2.11,,,,,,,,,,,
1641,96.9,2.12,,,,,,,,,,,
1642,96.8,2.12,,,,,,,,,,,
1643,96.8,2.11,,,,,,,,,,,
1644,96.7,2.11,,,,,,,,,,,
1645,96.6,2.12,,,,,,,,,,,
1646,96.6,2.12,,,,,,,,,,,
1647,96.5,2.11,,,,,,,,,,,
1648,96.4,2.11,,,,,,,,,,,
1649,96.4,2.11,,,,,,,,,,,
1650,96.3,2.12,,,,,,,,,,,
1651,96.2,2.12,,,,,,,,,,,
1652,96.2,2.11,,,,,,,,,,,
1653,96.1,2.11,,,,,,,,,,,
1654,96,2.11,,,,,,,,,,,
1655,96,2.11,,,,,,,,,,,
1656,95.9,2.12,,,,,,,,,,,
1657,95.8,2.12,,,,,,,,,,,
1658,95.8,2.12,,,,,,,,,,,
1659,95.7,2.11,,,,,,,,,,,
1660,95.6,2.11,,,,,,,,,,,
1661,95.6,2.12,,,,,,,,,,,
1662,95.5,2.12,,,,,,,,,,,
1663,95.4,2.12,,,,,,,,,,,
1664,95.4,2.11,,,,,,,,,,,
1665,95.3,2.11,,,,,,,,,,,
1666,95.2,2.11,,,,,,,,,,,
1667,95.2,2.12,,,,,,,,,,,
1668,95.1,2.12,,,,,,,,,,,
1669,95.1,2.12,,,,,,,,,,,
1670,95,2.11,,,,,,,,,,,
1671,94.9,2.11,,,,,,,,,,,
1672,94.9,2.12,,,,,,,,,,,
1673,94.8,2.12,,,,,,,,,,,
1674,94.7,2.12,,,,,,,,,,,
1675,94.7,2.11,,,,,,,,,,,
1676,94.6,2.11,,,,,,,,,,,
1677,94.6,2.11,,,,,,,,,,,
1678,94.5,2.12,,,,,,,,,,,
1679,94.4,2.12,,,,,,,,,,,
1680,94.4,2.11,,,,,,,,,,,
1681,94.3,2.11,,,,,,,,,,,
1682,94.2,2.11,,,,,,,,,,,
1683,94.2,2.12,,,,,,,,,,,
1684,94.1,2.12,,,,,,,,,,,
1685,94,2.12,,,,,,,,,,,
1686,94,2.11,,,,,,,,,,,
1687,93.9,2.11,,,,,,,,,,,
1688,93.9,2.11,,,,,,,,,,,
1689,93.8,2.12,,,,,,,,,,,
1690,93.7,2.12,,,,,,,,,,,
1691,93.7,2.11,,,,,,,,,,,
1692,93.6,2.11,,,,,,,,,,,
1693,93.6,2.11,,,,,,,,,,,
1694,93.5,2.12,,,,,,,,,,,
1695,93.4,2.12,,,,,,,,,,,
1696,93.4,2.11,,,,,,,,,,,
1697,93.3,2.11,,,,,,,,,,,
1698,93.2,2.11,,,,,,,,,,,
1699,93.2,2.12,,,,,,,,,,,
1700,93.1,2.12,,,,,,,,,,,
1701,93.1,2.11,,,,,,,,,,,
1702,93,2.11,,,,,,,,,,,
1703,92.9,2.11,,,,,,,,,,,
1704,92.9,2.12,,,,,,,,,,,
1705,92.8,2.12,,,,,,,,,,,
1706,92.7,2.11,,,,,,,,,,,
1707,92.7,2.11,,,,,,,,,,,
1708,92.6,2.11,,,,,,,,,,,
1709,92.6,2.12,,,,,,,,,,,
1710,92.5,2.11,,,,,,,,,,,
1711,92.5,2.11,,,,,,,,,,,
1712,92.4,2.11,,,,,,,,,,,
1713,92.3,2.12,,,,,,,,,,,
1714,92.3,2.12,,,,,,,,,,,
1715,92.2,2.11,,,,,,,,,,,
1716,92.2,2.11,,,,,,,,,,,
1717,92.1,2.12,,,,,,,,,,,
1718,92,2.12,,,,,,,,,,,
1719,92,2.12,,,,,,,,,,,
1720,91.9,2.11,,,,,,,,,,,
1721,91.9,2.11,,,,,,,,,,,
1722,91.8,2.11,,,,,,,,,,,
1723,91.7,2.12,,,,,,,,,,,
1724,91.7,2.12,,,,,,,,,,,
1725,91.6,2.11,,,,,,,,,,,
1726,91.6,2.11,,,,,,,,,,,
1727,91.5,2.11,,,,,,,,,,,
1728,91.4,2.12,,,,,,,,,,,
1729,91.4,2.12,,,,,,,,,,,
1730,91.3,2.12,,,,,,,,,,,
1731,91.3,2.11,,,,,,,,,,,
1732,91.2,2.11,,,,,,,,,,,
1733,91.2,2.12,,,,,,,,,,,
1734,91.1,2.12,,,,,,,,,,,
1735,91,2.11,,,,,,,,,,,
1736,91,2.11,,,,,,,,,,,
1737,90.9,2.11,,,,,,,,,,,
1738,90.9,2.12,,,,,,,,,,,
1739,90.8,2.12,,,,,,,,,,,
1740,90.7,2.11,,,,,,,,,,,
1741,90.7,2.11,,,,,,,,,,,
1742,90.6,2.11,,,,,,,,,,,
1743,90.6,2.12,,,,,,,,,,,
1744,90.5,2.12,,,,,,,,,,,
1745,90.5,2.11,,,,,,,,,,,
1746,90.4,2.11,,,,,,,,,,,
1747,90.4,2.12,,,,,,,,,,,
1748,90.3,2.12,,,,,,,,,,,
1749,90.2,2.12,,,,,,,,,,,
1750,90.2,2.11,,,,,,,,,,,
1751,90.1,2.11,,,,,,,,,,,
1752,90.1,2.12,,,,,,,,,,,
1753,90,2.12,,,,,,,,,,,
1754,90,2.12,,,,,,,,,,,
1755,89.9,2.11,,,,,,,,,,,
1756,89.8,2.11,,,,,,,,,,,
1757,89.8,2.12,,,,,,,,,,,
1758,89.7,2.12,,,,,,,,,,,
1759,89.7,2.12,,,,,,,,,,,
1760,89.6,2.11,,,,,,,,,,,
1761,89.6,2.11,,,,,,,,,,,
1762,89.5,2.12,,,,,,,,,,,
1763,89.4,2.12,,,,,,,,,,,
1764,89.4,2.11,,,,,,,,,,,
1765,89.3,2.11,,,,,,,,,,,
1766,89.3,2.11,,,,,,,,,,,
1767,89.2,2.12,,,,,,,,,,,
1768,89.2,2.12,,,,,,,,,,,
1769,89.1,2.11,,,,,,,,,,,
1770,89.1,2.11,,,,,,,,,,,
1771,89,2.12,,,,,,,,,,,
1772,88.9,2.12,,,,,,,,,,,
1773,88.9,2.12,,,,,,,,,,,
1774,88.8,2.11,,,,,,,,,,,
1775,88.8,2.11,,,,,,,,,,,
1776,88.7,2.12,,,,,,,,,,,
1777,88.6,2.12,,,,,,,,,,,
1778,88.6,2.11,,,,,,,,,,,
1779,88.6,2.11,,,,,,,,,,,
1780,88.5,2.12,,,,,,,,,,,
1781,88.4,2.12,,,,,,,,,,,
1782,88.4,2.12,,,,,,,,,,,
1783,88.3,2.11,,,,,,,,,,,
1784,88.3,2.11,,,,,,,,,,,
1785,88.2,2.11,,,,,,,,,,,
1786,88.2,2.11,,,,,,,,,,,
1787,88.1,2.12,,,,,,,,,,,
1788,88.1,2.12,,,,,,,,,,,
1789,88,2.12,,,,,,,,,,,
1790,88,2.12,,,,,,,,,,,
1791,87.9,2.11,,,,,,,,,,,
1792,87.9,2.11,,,,,,,,,,,
1793,87.8,2.11,,,,,,,,,,,
1794,87.7,2.12,,,,,,,,,,,
1795,87.7,2.12,,,,,,,,,,,
1796,87.6,2.12,,,,,,,,,,,
1797,87.6,2.11,,,,,,,,,,,
1798,87.5,2.11,,,,,,,,,,,
1799,87.5,2.11,,,,,,,,,,,
1800,87.4,2.11,,,,,,,,,,,
1801,87.4,2.12,,,,,,,,,,,
1802,87.3,2.12,,,,,,,,,,,
1803,87.3,2.12,,,,,,,,,,,
1804,87.2,2.11,,,,,,,,,,,
1805,87.2,2.11,,,,,,,,,,,
1806,87.1,2.11,,,,,,,,,,,
1807,87.1,2.11,,,,,,,,,,,
1808,87,2.12,,,,,,,,,,,
1809,87,2.12,,,,,,,,,,,
1810,86.9,2.12,,,,,,,,,,,
1811,86.8,2.11,,,,,,,,,,,
1812,86.8,2.11,,,,,,,,,,,
1813,86.7,2.11,,,,,,,,,,,
1814,86.7,2.12,,,,,,,,,,,
1815,86.6,2.12,,,,,,,,,,,
1816,86.6,2.12,,,,,,,,,,,
1817,86.5,2.12,,,,,,,,,,,
1818,86.5,2.11,,,,,,,,,,,
1819,86.4,2.11,,,,,,,,,,,
1820,86.4,2.11,,,,,,,,,,,
1821,86.3,2.12,,,,,,,,,,,
1822,86.3,2.12,,,,,,,,,,,
1823,86.2,2.11,,,,,,,,,,,
1824,86.2,2.11,,,,,,,,,,,
1825,86.1,2.11,,,,,,,,,,,
1826,86.1,2.11,,,,,,,,,,,
1827,86,2.12,,,,,,,,,,,
1828,86,2.12,,,,,,,,,,,
1829,85.9,2.11,,,,,,,,,,,
1830,85.9,2.11,,,,,,,,,,,
1831,85.8,2.11,,,,,,,,,,,
1832,85.8,2.11,,,,,,,,,,,
1833,85.7,2.12,,,,,,,,,,,
1834,85.6,2.12,,,,,,,,,,,
1835,85.6,2.12,,,,,,,,,,,
1836,85.6,2.11,,,,,,,,,,,
1837,85.5,2.11,,,,,,,,,,,
1838,85.4,2.11,,,,,,,,,,,
1839,85.4,2.12,,,,,,,,,,,
1840,85.4,2.12,,,,,,,,,,,
1841,85.3,2.12,,,,,,,,,,,
1842,85.3,2.11,,,,,,,,,,,
1843,85.2,2.11,,,,,,,,,,,
1844,85.2,2.11,,,,,,,,,,,
1845,85.1,2.12,,,,,,,,,,,
1846,85.1,2.12,,,,,,,,,,,
1847,85,2.12,,,,,,,,,,,
1848,84.9,2.11,,,,,,,,,,,
1849,84.9,2.11,,,,,,,,,,,
1850,84.8,2.11,,,,,,,,,,,
1851,84.8,2.11,,,,,,,,,,,
1852,84.8,2.12,,,,,,,,,,,
1853,84.7,2.12,,,,,,,,,,,
1854,84.6,2.11,,,,,,,,,,,
1855,84.6,2.11,,,,,,,,,,,
1856,84.6,2.11,,,,,,,,,,,
1857,84.5,2.11,,,,,,,,,,,
1858,84.5,2.12,,,,,,,,,,,
1859,84.4,2.12,,,,,,,,,,,
1860,84.3,2.12,,,,,,,,,,,
1861,84.3,2.11,,,,,,,,,,,
1862,84.3,2.11,,,,,,,,,,,
1863,84.2,2.11,,,,,,,,,,,
1864,84.2,2.12,,,,,,,,,,,
1865,84.1,2.12,,,,,,,,,,,
1866,84,2.12,,,,,,,,,,,
1867,84,2.11,,,,,,,,,,,
1868,84,2.11,,,,,,,,,,,
1869,83.9,2.11,,,,,,,,,,,
1870,83.9,2.12,,,,,,,,,,,
1871,83.8,2.12,,,,,,,,,,,
1872,83.8,2.12,,,,,,,,,,,
1873,83.7,2.11,,,,,,,,,,,
1874,83.7,2.11,,,,,,,,,,,
1875,83.6,2.11,,,,,,,,,,,
1876,83.6,2.12,,,,,,,,,,,
1877,83.5,2.12,,,,,,,,,,,
1878,83.5,2.12,,,,,,,,,,,
1879,83.4,2.11,,,,,,,,,,,
1880,83.4,2.11,,,,,,,,,,,
1881,83.3,2.11,,,,,,,,,,,
1882,83.3,2.12,,,,,,,,,,,
1883,83.2,2.12,,,,,,,,,,,
1884,83.2,2.12,,,,,,,,,,,
1885,83.1,2.11,,,,,,,,,,,
1886,83.1,2.11,,,,,,,,,,,
1887,83,2.11,,,,,,,,,,,
1888,83,2.12,,,,,,,,,,,
1889,83,2.12,,,,,,,,,,,
1890,82.9,2.12,,,,,,,,,,,
1891,82.9,2.12,,,,,,,,,,,
1892,82.8,2.11,,,,,,,,,,,
1893,82.8,2.11,,,,,,,,,,,
1894,82.7,2.11,,,,,,,,,,,
1895,82.7,2.12,,,,,,,,,,,
1896,82.6,2.12,,,,,,,,,,,
1897,82.6,2.11,,,,,,,,,,,
1898,82.5,2.11,,,,,,,,,,,
1899,82.5,2.11,,,,,,,,,,,
1900,82.4,2.11,,,,,,,,,,,
1901,82.4,2.12,,,,,,,,,,,
1902,82.3,2.12,,,,,,,,,,,
1903,82.3,2.11,,,,,,,,,,,
1904,82.2,2.11,,,,,,,,,,,
1905,82.2,2.11,,,,,,,,,,,
1906,82.1,2.12,,,,,,,,,,,
1907,82.1,2.12,,,,,,,,,,,
1908,82,2.11,,,,,,,,,,,
1909,82,2.11,,,,,,,,,,,
1910,82,2.12,,,,,,,,,,,
1911,81.9,2.12,,,,,,,,,,,
1912,81.9,2.11,,,,,,,,,,,
1913,81.8,2.11,,,,,,,,,,,
1914,81.8,2.11,,,,,,,,,,,
1915,81.7,2.11,,,,,,,,,,,
1916,81.7,2.11,,,,,,,,,,,
1917,81.6,2.12,,,,,,,,,,,
1918,81.6,2.12,,,,,,,,,,,
1919,81.6,2.12,,,,,,,,,,,
1920,81.5,2.12,,,,,,,,,,,
1921,81.5,2.11,,,,,,,,,,,
1922,81.4,2.11,,,,,,,,,,,
1923,81.4,2.11,,,,,,,,,,,
1924,81.3,2.12,,,,,,,,,,,
1925,81.3,2.12,,,,,,,,,,,
1926,81.2,2.12,,,,,,,,,,,
1927,81.2,2.11,,,,,,,,,,,
1928,81.1,2.11,,,,,,,,,,,
1929,81.1,2.11,,,,,,,,,,,
1930,81.1,2.11,,,,,,,,,,,
1931,81,2.12,,,,,,,,,,,
1932,81,2.12,,,,,,,,,,,
1933,80.9,2.12,,,,,,,,,,,
1934,80.9,2.11,,,,,,,,,,,
1935,80.8,2.11,,,,,,,,,,,
1936,80.8,2.11,,,,,,,,,,,
1937,80.8,2.12,,,,,,,,,,,
1938,80.7,2.12,,,,,,,,,,,
1939,80.7,2.11,,,,,,,,,,,
1940,80.6,2.11,,,,,,,,,,,
1941,80.6,2.11,,,,,,,,,,,
1942,80.5,2.12,,,,,,,,,,,
1943,80.5,2.12,,,,,,,,,,,
1944,80.4,2.12,,,,,,,,,,,
1945,80.4,2.11,,,,,,,,,,,
1946,80.4,2.11,,,,,,,,,,,
1947,80.3,2.11,,,,,,,,,,,
1948,80.3,2.11,,,,,,,,,,,
1949,80.2,2.12,,,,,,,,,,,
1950,80.2,2.12,,,,,,,,,,,
1951,80.1,2.12,,,,,,,,,,,
1952,80.1,2.11,,,,,,,,,,,
1953,80.1,2.11,,,,,,,,,,,
1954,80,2.11,,,,,,,,,,,
1955,80,2.12,,,,,,,,,,,
1956,79.9,2.12,,,,,,,,,,,
1957,79.9,2.11,,,,,,,,,,,
1958,79.8,2.11,,,,,,,,,,,
1959,79.8,2.11,,,,,,,,,,,
1960,79.8,2.11,,,,,,,,,,,
1961,79.7,2.12,,,,,,,,,,,
1962,79.7,2.12,,,,,,,,,,,
1963,79.6,2.12,,,,,,,,,,,
1964,79.6,2.11,,,,,,,,,,,
1965,79.5,2.11,,,,,,,,,,,
1966,79.5,2.12,,,,,,,,,,,
1967,79.5,2.12,,,,,,,,,,,
1968,79.4,2.12,,,,,,,,,,,
1969,79.4,2.11,,,,,,,,,,,
1970,79.3,2.11,,,,,,,,,,,
1971,79.3,2.11,,,,,,,,,,,
1972,79.2,2.12,,,,,,,,,,,
1973,79.2,2.12,,,,,,,,,,,
1974,79.2,2.11,,,,,,,,,,,
1975,79.1,2.11,,,,,,,,,,,
1976,79.1,2.11,,,,,,,,,,,
1977,79,2.12,,,,,,,,,,,
1978,79,2.12,,,,,,,,,,,
1979,78.9,2.12,,,,,,,,,,,
1980,78.9,2.11,,,,,,,,,,,
1981,78.9,2.11,,,,,,,,,,,
1982,78.8,2.11,,,,,,,,,,,
1983,78.8,2.11,,,,,,,,,,,
1984,78.7,2.12,,,,,,,,,,,
1985,78.7,2.12,,,,,,,,,,,
1986,78.7,2.11,,,,,,,,,,,
1987,78.6,2.11,,,,,,,,,,,
1988,78.6,2.11,,,,,,,,,,,
1989,78.5,2.12,,,,,,,,,,,
1990,78.5,2.12,,,,,,,,,,,
1991,78.4,2.12,,,,,,,,,,,
1992,78.4,2.11,,,,,,,,,,,
1993,78.4,2.11,,,,,,,,,,,
1994,78.3,2.11,,,,,,,,,,,
1995,78.3,2.12,,,,,,,,,,,
1996,78.2,2.12,,,,,,,,,,,
1997,78.2,2.12,,,,,,,,,,,
1998,78.2,2.11,,,,,,,,,,,
1999,78.1,2.11,,,,,,,,,,,
2000,78.1,2.11,,,,,,,,,,,
2001,78,2.12,,,,,,,,,,,
2002,78,2.12,,,,,,,,,,,
2003,77.9,2.11,,,,,,,,,,,
2004,77.9,2.11,,,,,,,,,,,
2005,77.9,2.11,,,,,,,,,,,
2006,77.8,2.11,,,,,,,,,,,
2007,77.8,2.12,,,,,,,,,,,
2008,77.7,2.12,,,,,,,,,,,
2009,77.7,2.11,,,,,,,,,,,
2010,77.7,2.11,,,,,,,,,,,
2011,77.6,2.11,,,,,,,,,,,
2012,77.6,2.12,,,,,,,,,,,
2013,77.5,2.12,,,,,,,,,,,
2014,77.5,2.12,,,,,,,,,,,
2015,77.5,2.11,,,,,,,,,,,
2016,77.4,2.11,,,,,,,,,,,
2017,77.4,2.11,,,,,,,,,,,
2018,77.3,2.12,,,,,,,,,,,
2019,77.3,2.12,,,,,,,,,,,
2020,77.3,2.12,,,,,,,,,,,
2021,77.2,2.11,,,,,,,,,,,
2022,77.2,2.11,,,,,,,,,,,
2023,77.1,2.11,,,,,,,,,,,
2024,77.1,2.12,,,,,,,,,,,
2025,77.1,2.12,,,,,,,,,,,
2026,77,2.11,,,,,,,,,,,
2027,77,2.11,,,,,,,,,,,
2028,76.9,2.11,,,,,,,,,,,
2029,76.9,2.11,,,,,,,,,,,
2030,76.9,2.12,,,,,,,,,,,
2031,76.8,2.12,,,,,,,,,,,
2032,76.8,2.11,,,,,,,,,,,
2033,76.7,2.11,,,,,,,,,,,
2034,76.7,2.11,,,,,,,,,,,
2035,76.7,2.12,,,,,,,,,,,
2036,76.6,2.12,,,,,,,,,,,
2037,76.6,2.11,,,,,,,,,,,
2038,76.5,2.11,,,,,,,,,,,
2039,76.5,2.11,,,,,,,,,,,
2040,76.5,2.12,,,,,,,,,,,
2041,76.4,2.12,,,,,,,,,,,
2042,76.4,2.11,,,,,,,,,,,
2043,76.4,2.11,,,,,,,,,,,
2044,76.3,2.11,,,,,,,,,,,
2045,76.3,2.11,,,,,,,,,,,
2046,76.2,2.12,,,,,,,,,,,
2047,76.2,2.12,,,,,,,,,,,
2048,76.2,2.12,,,,,,,,,,,
2049,76.1,2.11,,,,,,,,,,,
2050,76.1,2.11,,,,,,,,,,,
2051,76,2.11,,,,,,,,,,,
2052,76,2.11,,,,,,,,,,,
2053,76,2.12,,,,,,,,,,,
2054,75.9,2.12,,,,,,,,,,,
2055,75.9,2.12,,,,,,,,,,,
2056,75.9,2.11,,,,,,,,,,,
2057,75.8,2.11,,,,,,,,,,,
2058,75.8,2.11,,,,,,,,,,,
2059,75.7,2.11,,,,,,,,,,,
2060,75.7,2.12,,,,,,,,,,,
2061,75.7,2.12,,,,,,,,,,,
2062,75.6,2.11,,,,,,,,,,,
2063,75.6,2.11,,,,,,,,,,,
2064,75.5,2.11,,,,,,,,,,,
2065,75.5,2.11,,,,,,,,,,,
2066,75.5,2.12,,,,,,,,,,,
2067,75.4,2.12,,,,,,,,,,,
2068,75.4,2.11,,,,,,,,,,,
2069,75.3,2.11,,,,,,,,,,,
2070,75.3,2.11,,,,,,,,,,,
2071,75.3,2.12,,,,,,,,,,,
2072,75.2,2.12,,,,,,,,,,,
2073,75.2,2.11,,,,,,,,,,,
2074,75.2,2.1,,,,,,,,,,,
2075,75.1,2.11,,,,,,,,,,,
2076,75.1,2.12,,,,,,,,,,,
2077,75.1,2.12,,,,,,,,,,,
2078,75,2.12,,,,,,,,,,,
2079,75,2.11,,,,,,,,,,,
2080,74.9,2.11,,,,,,,,,,,
2081,74.9,2.11,,,,,,,,,,,
2082,74.9,2.11,,,,,,,,,,,
2083,74.8,2.12,,,,,,,,,,,
2084,74.8,2.12,,,,,,,,,,,
2085,74.7,2.11,,,,,,,,,,,
2086,74.7,2.1,,,,,,,,,,,
2087,74.7,2.11,,,,,,,,,,,
2088,74.6,2.12,,,,,,,,,,,
2089,74.6,2.12,,,,,,,,,,,
2090,74.6,2.11,,,,,,,,,,,
2091,74.5,2.11,,,,,,,,,,,
2092,74.5,2.11,,,,,,,,,,,
2093,74.5,2.11,,,,,,,,,,,
2094,74.4,2.12,,,,,,,,,,,
2095,74.4,2.12,,,,,,,,,,,
2096,74.4,2.11,,,,,,,,,,,
2097,74.3,2.11,,,,,,,,,,,
2098,74.3,2.11,,,,,,,,,,,
2099,74.2,2.12,,,,,,,,,,,
2100,74.2,2.12,,,,,,,,,,,
2101,74.2,2.12,,,,,,,,,,,
2102,74.1,2.11,,,,,,,,,,,
2103,74.1,2.11,,,,,,,,,,,
2104,74.1,2.11,,,,,,,,,,,
2105,74,2.12,,,,,,,,,,,
2106,74,2.12,,,,,,,,,,,
2107,73.9,2.11,,,,,,,,,,,
2108,73.9,2.11,,,,,,,,,,,
2109,73.9,2.11,,,,,,,,,,,
2110,73.8,2.12,,,,,,,,,,,
2111,73.8,2.12,,,,,,,,,,,
2112,73.8,2.12,,,,,,,,,,,
2113,73.7,2.11,,,,,,,,,,,
2114,73.7,2.11,,,,,,,,,,,
2115,73.7,2.11,,,,,,,,,,,
2116,73.6,2.12,,,,,,,,,,,
2117,73.6,2.12,,,,,,,,,,,
2118,73.5,2.11,,,,,,,,,,,
2119,73.5,2.11,,,,,,,,,,,
2120,73.5,2.11,,,,,,,,,,,
2121,73.4,2.12,,,,,,,,,,,
2122,73.4,2.12,,,,,,,,,,,
2123,73.4,2.12,,,,,,,,,,,
2124,73.3,2.11,,,,,,,,,,,
2125,73.3,2.11,,,,,,,,,,,
2126,73.3,2.12,,,,,,,,,,,
2127,73.2,2.12,,,,,,,,,,,
2128,73.2,2.12,,,,,,,,,,,
2129,73.1,2.11,,,,,,,,,,,
2130,73.1,2.11,,,,,,,,,,,
2131,73.1,2.11,,,,,,,,,,,
2132,73.1,2.11,,,,,,,,,,,
2133,73,2.12,,,,,,,,,,,
2134,73,2.12,,,,,,,,,,,
2135,73,2.11,,,,,,,,,,,
2136,72.9,2.11,,,,,,,,,,,
2137,72.9,2.11,,,,,,,,,,,
2138,72.8,2.12,,,,,,,,,,,
2139,72.8,2.12,,,,,,,,,,,
2140,72.8,2.11,,,,,,,,,,,
2141,72.7,2.11,,,,,,,,,,,
2142,72.7,2.11,,,,,,,,,,,
2143,72.7,2.12,,,,,,,,,,,
2144,72.6,2.12,,,,,,,,,,,
2145,72.6,2.11,,,,,,,,,,,
2146,72.5,2.11,,,,,,,,,,,
2147,72.5,2.11,,,,,,,,,,,
2148,72.5,2.11,,,,,,,,,,,
2149,72.4,2.12,,,,,,,,,,,
2150,72.4,2.11,,,,,,,,,,,
2151,72.4,2.11,,,,,,,,,,,
2152,72.3,2.11,,,,,,,,,,,
2153,72.3,2.12,,,,,,,,,,,
2154,72.3,2.12,,,,,,,,,,,
2155,72.2,2.12,,,,,,,,,,,
2156,72.2,2.11,,,,,,,,,,,
2157,72.2,2.11,,,,,,,,,,,
2158,72.1,2.12,,,,,,,,,,,
2159,72.1,2.12,,,,,,,,,,,
2160,72.1,2.11,,,,,,,,,,,
2161,72,2.11,,,,,,,,,,,
2162,72,2.11,,,,,,,,,,,
2163,72,2.11,,,,,,,,,,,
2164,71.9,2.12,,,,,,,,,,,
2165,71.9,2.12,,,,,,,,,,,
2166,71.9,2.11,,,,,,,,,,,
2167,71.8,2.11,,,,,,,,,,,
2168,71.8,2.11,,,,,,,,,,,
2169,71.8,2.12,,,,,,,,,,,
2170,71.7,2.11,,,,,,,,,,,
2171,71.7,2.11,,,,,,,,,,,
2172,71.7,2.11,,,,,,,,,,,
2173,71.6,2.12,,,,,,,,,,,
2174,71.6,2.12,,,,,,,,,,,
2175,71.6,2.12,,,,,,,,,,,
2176,71.5,2.11,,,,,,,,,,,
2177,71.5,2.11,,,,,,,,,,,
2178,71.5,2.11,,,,,,,,,,,
2179,71.4,2.11,,,,,,,,,,,
2180,71.4,2.12,,,,,,,,,,,
2181,71.4,2.12,,,,,,,,,,,
2182,71.3,2.11,,,,,,,,,,,
2183,71.3,2.1,,,,,,,,,,,
2184,71.2,2.11,,,,,,,,,,,
2185,71.2,2.11,,,,,,,,,,,
2186,71.2,2.12,,,,,,,,,,,
2187,71.1,2.12,,,,,,,,,,,
2188,71.1,2.11,,,,,,,,,,,
2189,71.1,2.11,,,,,,,,,,,
2190,71,2.11,,,,,,,,,,,
2191,71,2.12,,,,,,,,,,,
2192,70.9,2.12,,,,,,,,,,,
2193,70.9,2.11,,,,,,,,,,,
2194,70.9,2.11,,,,,,,,,,,
2195,70.8,2.1,,,,,,,,,,,
2196,70.8,2.11,,,,,,,,,,,
2197,70.8,2.12,,,,,,,,,,,
2198,70.7,2.12,,,,,,,,,,,
2199,70.7,2.11,,,,,,,,,,,
2200,70.7,2.11,,,,,,,,,,,
2201,70.6,2.11,,,,,,,,,,,
2202,70.6,2.12,,,,,,,,,,,
2203,70.6,2.12,,,,,,,,,,,
2204,70.5,2.11,,,,,,,,,,,
2205,70.5,2.11,,,,,,,,,,,
2206,70.5,2.11,,,,,,,,,,,
2207,70.5,2.12,,,,,,,,,,,
2208,70.4,2.12,,,,,,,,,,,
2209,70.4,2.12,,,,,,,,,,,
2210,70.4,2.11,,,,,,,,,,,
2211,70.3,2.11,,,,,,,,,,,
2212,70.3,2.11,,,,,,,,,,,
2213,70.3,2.12,,,,,,,,,,,
2214,70.2,2.12,,,,,,,,,,,
2215,70.2,2.11,,,,,,,,,,,
2216,70.2,2.11,,,,,,,,,,,
2217,70.1,2.11,,,,,,,,,,,
2218,70.1,2.12,,,,,,,,,,,
2219,70.1,2.12,,,,,,,,,,,
2220,70.1,2.12,,,,,,,,,,,
2221,70,2.11,,,,,,,,,,,
2222,70,2.11,,,,,,,,,,,
2223,69.9,2.12,,,,,,,,,,,
2224,69.9,2.12,,,,,,,,,,,
2225,69.9,2.11,,,,,,,,,,,
2226,69.9,2.11,,,,,,,,,,,
2227,69.8,2.11,,,,,,,,,,,
2228,69.8,2.11,,,,,,,,,,,
2229,69.7,2.12,,,,,,,,,,,
2230,69.7,2.11,,,,,,,,,,,
2231,69.7,2.11,,,,,,,,,,,
2232,69.7,2.11,,,,,,,,,,,
2233,69.6,2.12,,,,,,,,,,,
2234,69.6,2.12,,,,,,,,,,,
2235,69.6,2.11,,,,,,,,,,,
2236,69.5,2.11,,,,,,,,,,,
2237,69.5,2.11,,,,,,,,,,,
2238,69.4,2.12,,,,,,,,,,,
2239,69.4,2.12,,,,,,,,,,,
2240,69.4,2.11,,,,,,,,,,,
2241,69.3,2.11,,,,,,,,,,,
2242,69.3,2.11,,,,,,,,,,,
2243,69.3,2.12,,,,,,,,,,,
2244,69.2,2.12,,,,,,,,,,,
2245,69.2,2.11,,,,,,,,,,,
2246,69.2,2.11,,,,,,,,,,,
2247,69.1,2.11,,,,,,,,,,,
2248,69.1,2.12,,,,,,,,,,,
2249,69.1,2.12,,,,,,,,,,,
2250,69.1,2.11,,,,,,,,,,,
2251,69,2.11,,,,,,,,,,,
2252,69,2.11,,,,,,,,,,,
2253,69,2.11,,,,,,,,,,,
2254,68.9,2.12,,,,,,,,,,,
2255,68.9,2.11,,,,,,,,,,,
2256,68.9,2.11,,,,,,,,,,,
2257,68.8,2.11,,,,,,,,,,,
2258,68.8,2.12,,,,,,,,,,,
2259,68.8,2.12,,,,,,,,,,,
2260,68.8,2.11,,,,,,,,,,,
2261,68.7,2.11,,,,,,,,,,,
2262,68.7,2.11,,,,,,,,,,,
2263,68.7,2.12,,,,,,,,,,,
2264,68.6,2.12,,,,,,,,,,,
2265,68.6,2.11,,,,,,,,,,,
2266,68.6,2.11,,,,,,,,,,,
2267,68.5,2.11,,,,,,,,,,,
2268,68.5,2.11,,,,,,,,,,,
2269,68.5,2.12,,,,,,,,,,,
2270,68.5,2.11,,,,,,,,,,,
2271,68.4,2.11,,,,,,,,,,,
2272,68.4,2.11,,,,,,,,,,,
2273,68.4,2.12,,,,,,,,,,,
2274,68.3,2.12,,,,,,,,,,,
2275,68.3,2.11,,,,,,,,,,,
2276,68.3,2.11,,,,,,,,,,,
2277,68.3,2.11,,,,,,,,,,,
2278,68.2,2.12,,,,,,,,,,,
2279,68.2,2.12,,,,,,,,,,,
2280,68.2,2.11,,,,,,,,,,,
2281,68.1,2.11,,,,,,,,,,,
2282,68.1,2.11,,,,,,,,,,,
2283,68.1,2.12,,,,,,,,,,,
2284,68,2.12,,,,,,,,,,,
2285,68,2.11,,,,,,,,,,,
2286,68,2.11,,,,,,,,,,,
2287,68,2.11,,,,,,,,,,,
2288,67.9,2.12,,,,,,,,,,,
2289,67.9,2.11,,,,,,,,,,,
2290,67.8,2.11,,,,,,,,,,,
2291,67.8,2.11,,,,,,,,,,,
2292,67.8,2.12,,,,,,,,,,,
2293,67.7,2.12,,,,,,,,,,,
2294,67.7,2.11,,,,,,,,,,,
2295,67.7,2.11,,,,,,,,,,,
2296,67.6,2.12,,,,,,,,,,,
2297,67.6,2.12,,,,,,,,,,,
2298,67.6,2.11,,,,,,,,,,,
2299,67.6,2.11,,,,,,,,,,,
2300,67.5,2.11,,,,,,,,,,,
2301,67.5,2.12,,,,,,,,,,,
2302,67.5,2.11,,,,,,,,,,,
2303,67.4,2.11,,,,,,,,,,,
2304,67.4,2.12,,,,,,,,,,,
2305,67.4,2.12,,,,,,,,,,,
2306,67.4,2.12,,,,,,,,,,,
2307,67.3,2.11,,,,,,,,,,,
2308,67.3,2.11,,,,,,,,,,,
2309,67.3,2.11,,,,,,,,,,,
2310,67.2,2.11,,,,,,,,,,,
2311,67.2,2.12,,,,,,,,,,,
2312,67.2,2.12,,,,,,,,,,,
2313,67.2,2.12,,,,,,,,,,,
2314,67.1,2.1,,,,,,,,,,,
2315,67.1,2.1,,,,,,,,,,,
2316,67.1,2.11,,,,,,,,,,,
2317,67,2.12,,,,,,,,,,,
2318,67,2.12,,,,,,,,,,,
2319,67,2.11,,,,,,,,,,,
2320,67,2.11,,,,,,,,,,,
2321,66.9,2.1,,,,,,,,,,,
2322,66.9,2.11,,,,,,,,,,,
2323,66.9,2.11,,,,,,,,,,,
2324,66.9,2.12,,,,,,,,,,,
2325,66.8,2.12,,,,,,,,,,,
2326,66.8,2.11,,,,,,,,,,,
2327,66.8,2.11,,,,,,,,,,,
2328,66.7,2.11,,,,,,,,,,,
2329,66.7,2.11,,,,,,,,,,,
2330,66.7,2.12,,,,,,,,,,,
2331,66.6,2.12,,,,,,,,,,,
2332,66.6,2.11,,,,,,,,,,,
2333,66.6,2.11,,,,,,,,,,,
2334,66.6,2.11,,,,,,,,,,,
2335,66.5,2.12,,,,,,,,,,,
2336,66.5,2.12,,,,,,,,,,,
2337,66.5,2.11,,,,,,,,,,,
2338,66.5,2.11,,,,,,,,,,,
2339,66.4,2.1,,,,,,,,,,,
2340,66.4,2.11,,,,,,,,,,,
2341,66.4,2.12,,,,,,,,,,,
2342,66.3,2.12,,,,,,,,,,,
2343,66.3,2.12,,,,,,,,,,,
2344,66.3,2.11,,,,,,,,,,,
2345,66.2,2.11,,,,,,,,,,,
2346,66.2,2.11,,,,,,,,,,,
2347,66.2,2.11,,,,,,,,,,,
2348,66.2,2.12,,,,,,,,,,,
2349,66.1,2.12,,,,,,,,,,,
2350,66.1,2.11,,,,,,,,,,,
2351,66.1,2.11,,,,,,,,,,,
2352,66,2.11,,,,,,,,,,,
2353,66,2.12,,,,,,,,,,,
2354,66,2.12,,,,,,,,,,,
2355,65.9,2.11,,,,,,,,,,,
2356,65.9,2.11,,,,,,,,,,,
2357,65.9,2.11,,,,,,,,,,,
2358,65.9,2.11,,,,,,,,,,,
2359,65.8,2.12,,,,,,,,,,,
2360,65.8,2.12,,,,,,,,,,,
2361,65.8,2.11,,,,,,,,,,,
2362,65.7,2.11,,,,,,,,,,,
2363,65.7,2.11,,,,,,,,,,,
2364,65.7,2.12,,,,,,,,,,,
2365,65.7,2.12,,,,,,,,,,,
2366,65.6,2.11,,,,,,,,,,,
2367,65.6,2.11,,,,,,,,,,,
2368,65.6,2.11,,,,,,,,,,,
2369,65.6,2.12,,,,,,,,,,,
2370,65.5,2.12,,,,,,,,,,,
2371,65.5,2.11,,,,,,,,,,,
2372,65.5,2.11,,,,,,,,,,,
2373,65.4,2.11,,,,,,,,,,,
2374,65.4,2.11,,,,,,,,,,,
2375,65.4,2.12,,,,,,,,,,,
2376,65.4,2.11,,,,,,,,,,,
2377,65.3,2.11,,,,,,,,,,,
2378,65.3,2.11,,,,,,,,,,,
2379,65.3,2.11,,,,,,,,,,,
2380,65.3,2.12,,,,,,,,,,,
2381,65.2,2.12,,,,,,,,,,,
2382,65.2,2.11,,,,,,,,,,,
2383,65.2,2.11,,,,,,,,,,,
2384,65.1,2.11,,,,,,,,,,,
2385,65.1,2.12,,,,,,,,,,,
2386,65.1,2.12,,,,,,,,,,,
2387,65.1,2.11,,,,,,,,,,,
2388,65,2.11,,,,,,,,,,,
2389,65,2.11,,,,,,,,,,,
2390,65,2.11,,,,,,,,,,,
2391,65,2.12,,,,,,,,,,,
2392,64.9,2.12,,,,,,,,,,,
2393,64.9,2.11,,,,,,,,,,,
2394,64.9,2.11,,,,,,,,,,,
2395,64.9,2.11,,,,,,,,,,,
2396,64.8,2.12,,,,,,,,,,,
2397,64.8,2.12,,,,,,,,,,,
2398,64.8,2.11,,,,,,,,,,,
2399,64.8,2.11,,,,,,,,,,,
2400,64.7,2.11,,,,,,,,,,,
2401,64.7,2.12,,,,,,,,,,,
2402,64.7,2.12,,,,,,,,,,,
2403,64.6,2.11,,,,,,,,,,,
2404,64.6,2.1,,,,,,,,,,,
2405,64.6,2.11,,,,,,,,,,,
2406,64.6,2.12,,,,,,,,,,,
2407,64.5,2.12,,,,,,,,,,,
2408,64.5,2.11,,,,,,,,,,,
2409,64.5,2.11,,,,,,,,,,,
2410,64.5,2.11,,,,,,,,,,,
2411,64.4,2.12,,,,,,,,,,,
2412,64.4,2.12,,,,,,,,,,,
2413,64.4,2.11,,,,,,,,,,,
2414,64.4,2.11,,,,,,,,,,,
2415,64.3,2.1,,,,,,,,,,,
2416,64.3,2.11,,,,,,,,,,,
2417,64.3,2.12,,,,,,,,,,,
2418,64.3,2.12,,,,,,,,,,,
2419,64.2,2.11,,,,,,,,,,,
2420,64.2,2.11,,,,,,,,,,,
2421,64.2,2.11,,,,,,,,,,,
2422,64.1,2.12,,,,,,,,,,,
2423,64.1,2.11,,,,,,,,,,,
2424,64.1,2.11,,,,,,,,,,,
2425,64.1,2.11,,,,,,,,,,,
2426,64,2.12,,,,,,,,,,,
2427,64,2.12,,,,,,,,,,,
2428,64,2.11,,,,,,,,,,,
2429,64,2.11,,,,,,,,,,,
2430,63.9,2.11,,,,,,,,,,,
2431,63.9,2.12,,,,,,,,,,,
2432,63.9,2.12,,,,,,,,,,,
2433,63.9,2.11,,,,,,,,,,,
2434,63.8,2.11,,,,,,,,,,,
2435,63.8,2.11,,,,,,,,,,,
2436,63.8,2.12,,,,,,,,,,,
2437,63.8,2.12,,,,,,,,,,,
2438,63.7,2.11,,,,,,,,,,,
2439,63.7,2.11,,,,,,,,,,,
2440,63.7,2.11,,,,,,,,,,,
2441,63.7,2.11,,,,,,,,,,,
2442,63.6,2.12,,,,,,,,,,,
2443,63.6,2.12,,,,,,,,,,,
2444,63.6,2.11,,,,,,,,,,,
2445,63.6,2.11,,,,,,,,,,,
2446,63.5,2.11,,,,,,,,,,,
2447,63.5,2.11,,,,,,,,,,,
2448,63.5,2.12,,,,,,,,,,,
2449,63.4,2.12,,,,,,,,,,,
2450,63.4,2.11,,,,,,,,,,,
2451,63.4,2.11,,,,,,,,,,,
2452,63.4,2.11,,,,,,,,,,,
2453,63.4,2.12,,,,,,,,,,,
2454,63.3,2.12,,,,,,,,,,,
2455,63.3,2.11,,,,,,,,,,,
2456,63.3,2.11,,,,,,,,,,,
2457,63.2,2.11,,,,,,,,,,,
2458,63.2,2.12,,,,,,,,,,,
2459,63.2,2.12,,,,,,,,,,,
2460,63.2,2.12,,,,,,,,,,,
2461,63.2,2.11,,,,,,,,,,,
2462,63.1,2.11,,,,,,,,,,,
2463,63.1,2.11,,,,,,,,,,,
2464,63.1,2.12,,,,,,,,,,,
2465,63,2.12,,,,,,,,,,,
2466,63,2.11,,,,,,,,,,,
2467,63,2.11,,,,,,,,,,,
2468,63,2.11,,,,,,,,,,,
2469,62.9,2.12,,,,,,,,,,,
2470,62.9,2.12,,,,,,,,,,,
2471,62.9,2.12,,,,,,,,,,,
2472,62.9,2.11,,,,,,,,,,,
2473,62.8,2.11,,,,,,,,,,,
2474,62.8,2.11,,,,,,,,,,,
2475,62.8,2.11,,,,,,,,,,,
2476,62.8,2.12,,,,,,,,,,,
2477,62.7,2.12,,,,,,,,,,,
2478,62.7,2.11,,,,,,,,,,,
2479,62.7,2.11,,,,,,,,,,,
2480,62.7,2.11,,,,,,,,,,,
2481,62.6,2.12,,,,,,,,,,,
2482,62.6,2.12,,,,,,,,,,,
2483,62.6,2.11,,,,,,,,,,,
2484,62.6,2.11,,,,,,,,,,,
2485,62.5,2.11,,,,,,,,,,,
2486,62.5,2.12,,,,,,,,,,,
2487,62.5,2.12,,,,,,,,,,,
2488,62.5,2.11,,,,,,,,,,,
2489,62.4,2.1,,,,,,,,,,,
2490,62.4,2.11,,,,,,,,,,,
2491,62.4,2.12,,,,,,,,,,,
2492,62.4,2.12,,,,,,,,,,,
2493,62.3,2.11,,,,,,,,,,,
2494,62.3,2.11,,,,,,,,,,,
2495,62.3,2.11,,,,,,,,,,,
2496,62.3,2.12,,,,,,,,,,,
2497,62.3,2.12,,,,,,,,,,,
2498,62.2,2.11,,,,,,,,,,,
2499,62.2,2.11,,,,,,,,,,,
2500,62.2,2.11,,,,,,,,,,,
2501,62.1,2.12,,,,,,,,,,,
2502,62.1,2.12,,,,,,,,,,,
2503,62.1,2.11,,,,,,,,,,,
2504,62.1,2.11,,,,,,,,,,,
2505,62.1,2.11,,,,,,,,,,,
2506,62,2.12,,,,,,,,,,,
2507,62,2.12,,,,,,,,,,,
2508,62,2.12,,,,,,,,,,,
2509,62,2.11,,,,,,,,,,,
2510,61.9,2.11,,,,,,,,,,,
2511,61.9,2.11,,,,,,,,,,,
2512,61.9,2.12,,,,,,,,,,,
2513,61.9,2.12,,,,,,,,,,,
2514,61.8,2.11,,,,,,,,,,,
2515,61.8,2.11,,,,,,,,,,,
2516,61.8,2.11,,,,,,,,,,,
2517,61.8,2.12,,,,,,,,,,,
2518,61.7,2.11,,,,,,,,,,,
2519,61.7,2.11,,,,,,,,,,,
2520,61.7,2.1,,,,,,,,,,,
2521,61.7,2.11,,,,,,,,,,,
2522,61.6,2.12,,,,,,,,,,,
2523,61.6,2.12,,,,,,,,,,,
2524,61.6,2.11,,,,,,,,,,,
2525,61.6,2.11,,,,,,,,,,,
2526,61.5,2.11,,,,,,,,,,,
2527,61.5,2.12,,,,,,,,,,,
2528,61.5,2.11,,,,,,,,,,,
2529,61.5,2.11,,,,,,,,,,,
2530,61.4,2.11,,,,,,,,,,,
2531,61.4,2.12,,,,,,,,,,,
2532,61.4,2.12,,,,,,,,,,,
2533,61.4,2.11,,,,,,,,,,,
2534,61.4,2.11,,,,,,,,,,,
2535,61.3,2.11,,,,,,,,,,,
2536,61.3,2.12,,,,,,,,,,,
2537,61.3,2.12,,,,,,,,,,,
2538,61.3,2.11,,,,,,,,,,,
2539,61.2,2.11,,,,,,,,,,,
2540,61.2,2.11,,,,,,,,,,,
2541,61.2,2.12,,,,,,,,,,,
2542,61.2,2.12,,,,,,,,,,,
2543,61.1,2.11,,,,,,,,,,,
2544,61.1,2.11,,,,,,,,,,,
2545,61.1,2.12,,,,,,,,,,,
2546,61.1,2.12,,,,,,,,,,,
2547,61,2.11,,,,,,,,,,,
2548,61,2.1,,,,,,,,,,,
2549,61,2.11,,,,,,,,,,,
2550,61,2.12,,,,,,,,,,,
2551,61,2.12,,,,,,,,,,,
2552,60.9,2.11,,,,,,,,,,,
2553,60.9,2.11,,,,,,,,,,,
2554,60.9,2.12,,,,,,,,,,,
2555,60.9,2.12,,,,,,,,,,,
2556,60.8,2.11,,,,,,,,,,,
2557,60.8,2.11,,,,,,,,,,,
2558,60.8,2.11,,,,,,,,,,,
2559,60.8,2.12,,,,,,,,,,,
2560,60.7,2.11,,,,,,,,,,,
2561,60.7,2.11,,,,,,,,,,,
2562,60.7,2.11,,,,,,,,,,,
2563,60.7,2.12,,,,,,,,,,,
2564,60.7,2.11,,,,,,,,,,,
2565,60.6,2.11,,,,,,,,,,,
2566,60.6,2.11,,,,,,,,,,,
2567,60.6,2.12,,,,,,,,,,,
2568,60.6,2.12,,,,,,,,,,,
2569,60.5,2.11,,,,,,,,,,,
2570,60.5,2.11,,,,,,,,,,,
2571,60.5,2.11,,,,,,,,,,,
2572,60.5,2.11,,,,,,,,,,,
2573,60.5,2.12,,,,,,,,,,,
2574,60.4,2.12,,,,,,,,,,,
2575,60.4,2.11,,,,,,,,,,,
2576,60.4,2.11,,,,,,,,,,,
2577,60.4,2.11,,,,,,,,,,,
2578,60.3,2.11,,,,,,,,,,,
2579,60.3,2.12,,,,,,,,,,,
2580,60.3,2.12,,,,,,,,,,,
2581,60.3,2.11,,,,,,,,,,,
2582,60.3,2.11,,,,,,,,,,,
2583,60.2,2.11,,,,,,,,,,,
2584,60.2,2.12,,,,,,,,,,,
2585,60.2,2.12,,,,,,,,,,,
2586,60.2,2.12,,,,,,,,,,,
2587,60.1,2.11,,,,,,,,,,,
2588,60.1,2.11,,,,,,,,,,,
2589,60.1,2.11,,,,,,,,,,,
2590,60.1,2.12,,,,,,,,,,,
2591,60,2.12,,,,,,,,,,,
2592,60,2.11,,,,,,,,,,,
2593,60,2.11,,,,,,,,,,,
2594,60,2.11,,,,,,,,,,,
2595,60,2.12,,,,,,,,,,,
2596,59.9,2.12,,,,,,,,,,,
2597,59.9,2.11,,,,,,,,,,,
2598,59.9,2.11,,,,,,,,,,,
2599,59.9,2.11,,,,,,,,,,,
2600,59.8,2.12,,,,,,,,,,,
2601,59.8,2.12,,,,,,,,,,,
2602,59.8,2.12,,,,,,,,,,,
2603,59.8,2.11,,,,,,,,,,,
2604,59.7,2.11,,,,,,,,,,,
2605,59.7,2.11,,,,,,,,,,,
2606,59.7,2.12,,,,,,,,,,,
2607,59.7,2.12,,,,,,,,,,,
2608,59.7,2.11,,,,,,,,,,,
2609,59.6,2.11,,,,,,,,,,,
2610,59.6,2.11,,,,,,,,,,,
2611,59.6,2.12,,,,,,,,,,,
2612,59.6,2.12,,,,,,,,,,,
2613,59.6,2.11,,,,,,,,,,,
2614,59.5,2.11,,,,,,,,,,,
2615,59.5,2.12,,,,,,,,,,,
2616,59.5,2.12,,,,,,,,,,,
2617,59.5,2.12,,,,,,,,,,,
2618,59.4,2.11,,,,,,,,,,,
2619,59.4,2.11,,,,,,,,,,,
2620,59.4,2.11,,,,,,,,,,,
2621,59.4,2.12,,,,,,,,,,,
2622,59.4,2.12,,,,,,,,,,,
2623,59.3,2.11,,,,,,,,,,,
2624,59.3,2.11,,,,,,,,,,,
2625,59.3,2.11,,,,,,,,,,,
2626,59.3,2.12,,,,,,,,,,,
2627,59.3,2.12,,,,,,,,,,,
2628,59.2,2.11,,,,,,,,,,,
2629,59.2,2.11,,,,,,,,,,,
2630,59.2,2.11,,,,,,,,,,,
2631,59.2,2.12,,,,,,,,,,,
2632,59.1,2.11,,,,,,,,,,,
2633,59.1,2.11,,,,,,,,,,,
2634,59.1,2.11,,,,,,,,,,,
2635,59.1,2.11,,,,,,,,,,,
2636,59.1,2.12,,,,,,,,,,,
2637,59,2.12,,,,,,,,,,,
2638,59,2.11,,,,,,,,,,,
2639,59,2.11,,,,,,,,,,,
2640,59,2.11,,,,,,,,,,,
2641,58.9,2.12,,,,,,,,,,,
2642,58.9,2.12,,,,,,,,,,,
2643,58.9,2.11,,,,,,,,,,,
2644,58.9,2.11,,,,,,,,,,,
2645,58.9,2.11,,,,,,,,,,,
2646,58.8,2.12,,,,,,,,,,,
2647,58.8,2.12,,,,,,,,,,,
2648,58.8,2.11,,,,,,,,,,,
2649,58.8,2.11,,,,,,,,,,,
2650,58.8,2.11,,,,,,,,,,,
2651,58.7,2.12,,,,,,,,,,,
2652,58.7,2.12,,,,,,,,,,,
2653,58.7,2.11,,,,,,,,,,,
2654,58.7,2.11,,,,,,,,,,,
2655,58.7,2.11,,,,,,,,,,,
2656,58.6,2.12,,,,,,,,,,,
2657,58.6,2.12,,,,,,,,,,,
2658,58.6,2.11,,,,,,,,,,,
2659,58.6,2.11,,,,,,,,,,,
2660,58.6,2.11,,,,,,,,,,,
2661,58.5,2.12,,,,,,,,,,,
2662,58.5,2.12,,,,,,,,,,,
2663,58.5,2.11,,,,,,,,,,,
2664,58.5,2.11,,,,,,,,,,,
2665,58.4,2.11,,,,,,,,,,,
2666,58.4,2.12,,,,,,,,,,,
2667,58.4,2.12,,,,,,,,,,,
2668,58.4,2.11,,,,,,,,,,,
2669,58.4,2.11,,,,,,,,,,,
2670,58.3,2.11,,,,,,,,,,,
2671,58.3,2.12,,,,,,,,,,,
2672,58.3,2.12,,,,,,,,,,,
2673,58.3,2.11,,,,,,,,,,,
2674,58.3,2.11,,,,,,,,,,,
2675,58.2,2.11,,,,,,,,,,,
2676,58.2,2.12,,,,,,,,,,,
2677,58.2,2.12,,,,,,,,,,,
2678,58.2,2.11,,,,,,,,,,,
2679,58.2,2.11,,,,,,,,,,,
2680,58.1,2.11,,,,,,,,,,,
2681,58.1,2.12,,,,,,,,,,,
2682,58.1,2.11,,,,,,,,,,,
2683,58.1,2.11,,,,,,,,,,,
2684,58.1,2.11,,,,,,,,,,,
2685,58,2.12,,,,,,,,,,,
2686,58,2.12,,,,,,,,,,,
2687,58,2.11,,,,,,,,,,,
2688,58,2.11,,,,,,,,,,,
2689,58,2.11,,,,,,,,,,,
2690,57.9,2.12,,,,,,,,,,,
2691,57.9,2.12,,,,,,,,,,,
2692,57.9,2.11,,,,,,,,,,,
2693,57.9,2.11,,,,,,,,,,,
2694,57.8,2.12,,,,,,,,,,,
2695,57.8,2.12,,,,,,,,,,,
2696,57.8,2.12,,,,,,,,,,,
2697,57.8,2.11,,,,,,,,,,,
2698,57.8,2.11,,,,,,,,,,,
2699,57.7,2.12,,,,,,,,,,,
2700,57.7,2.12,,,,,,,,,,,
2701,57.7,2.12,,,,,,,,,,,
2702,57.7,2.11,,,,,,,,,,,
2703,57.7,2.11,,,,,,,,,,,
2704,57.6,2.11,,,,,,,,,,,
2705,57.6,2.11,,,,,,,,,,,
2706,57.6,2.12,,,,,,,,,,,
2707,57.6,2.12,,,,,,,,,,,
2708,57.6,2.11,,,,,,,,,,,
2709,57.5,2.11,,,,,,,,,,,
2710,57.5,2.11,,,,,,,,,,,
2711,57.5,2.12,,,,,,,,,,,
2712,57.5,2.12,,,,,,,,,,,
2713,57.5,2.11,,,,,,,,,,,
2714,57.4,2.11,,,,,,,,,,,
2715,57.4,2.11,,,,,,,,,,,
2716,57.4,2.12,,,,,,,,,,,
2717,57.4,2.12,,,,,,,,,,,
2718,57.4,2.11,,,,,,,,,,,
2719,57.3,2.11,,,,,,,,,,,
2720,57.3,2.11,,,,,,,,,,,
2721,57.3,2.12,,,,,,,,,,,
2722,57.3,2.12,,,,,,,,,,,
2723,57.3,2.11,,,,,,,,,,,
2724,57.2,2.11,,,,,,,,,,,
2725,57.2,2.11,,,,,,,,,,,
2726,57.2,2.12,,,,,,,,,,,
2727,57.2,2.12,,,,,,,,,,,
2728,57.2,2.11,,,,,,,,,,,
2729,57.1,2.11,,,,,,,,,,,
2730,57.1,2.12,,,,,,,,,,,
2731,57.1,2.12,,,,,,,,,,,
2732,57.1,2.12,,,,,,,,,,,
2733,57.1,2.11,,,,,,,,,,,
2734,57.1,2.11,,,,,,,,,,,
2735,57,2.11,,,,,,,,,,,
2736,57,2.12,,,,,,,,,,,
2737,57,2.12,,,,,,,,,,,
2738,57,2.12,,,,,,,,,,,
2739,57,2.11,,,,,,,,,,,
2740,56.9,2.11,,,,,,,,,,,
2741,56.9,2.12,,,,,,,,,,,
2742,56.9,2.12,,,,,,,,,,,
2743,56.9,2.11,,,,,,,,,,,
2744,56.9,2.11,,,,,,,,,,,
2745,56.8,2.12,,,,,,,,,,,
2746,56.8,2.12,,,,,,,,,,,
2747,56.8,2.11,,,,,,,,,,,
2748,56.8,2.11,,,,,,,,,,,
2749,56.8,2.11,,,,,,,,,,,
2750,56.7,2.12,,,,,,,,,,,
2751,56.7,2.12,,,,,,,,,,,
2752,56.7,2.11,,,,,,,,,,,
2753,56.7,2.11,,,,,,,,,,,
2754,56.7,2.12,,,,,,,,,,,
2755,56.6,2.12,,,,,,,,,,,
